日期,證券代號,證券名稱,產業別,成交股數,成交筆數,成交金額,開盤價,最高價,最低價,收盤價,漲跌(+/-),漲跌價差,最後揭示買價,最後揭示買量,最後揭示賣價,最後揭示賣量,本益比,外陸資買進股數(不含外資自營商),外陸資賣出股數(不含外資自營商),外陸資買賣超股數(不含外資自營商),外資自營商買進股數,外資自營商賣出股數,外資自營商買賣超股數,投信買進股數,投信賣出股數,投信買賣超股數,自營商買賣超股數,自營商買進股數(自行買賣),自營商賣出股數(自行買賣),自營商買賣超股數(自行買賣),自營商買進股數(避險),自營商賣出股數(避險),自營商買賣超股數(避險),三大法人買賣超股數
20180102,0050,元大台灣50,ETF,"3,613,199","1,795","298,033,251",82.15,82.60,82.15,82.60,+,0.45,82.55,212,82.60,123,0.00,"1,646,000",0,"1,646,000",0,0,0,"333,000",0,"333,000","326,000","247,000",0,"247,000","91,000","12,000","79,000","2,305,000"
20180103,0050,元大台灣50,ETF,"7,196,437","3,014","599,476,413",82.95,83.45,82.95,83.35,+,0.75,83.35,157,83.40,28,0.00,"2,154,000","1,000","2,153,000",0,0,0,0,0,0,"3,534,000","294,000","250,000","44,000","3,527,000","37,000","3,490,000","5,687,000"
20180104,0050,元大台灣50,ETF,"5,627,565","2,278","469,312,820",83.50,83.65,83.20,83.50,+,0.15,83.45,380,83.50,44,0.00,"1,631,000","13,000","1,618,000",0,0,0,0,"200,000","-200,000","2,389,000","195,000",0,"195,000","2,526,000","332,000","2,194,000","3,807,000"
20180105,0050,元大台灣50,ETF,"7,616,796","2,562","636,768,692",83.50,83.80,83.30,83.75,+,0.25,83.75,102,83.80,400,0.00,"5,761,000","12,000","5,749,000",0,0,0,0,0,0,"548,000","94,000",0,"94,000","1,141,000","687,000","454,000","6,297,000"
20180108,0050,元大台灣50,ETF,"5,189,611","2,282","435,775,639",83.80,84.15,83.70,84.10,+,0.35,84.05,334,84.10,51,0.00,"3,723,000","202,000","3,521,000",0,0,0,0,0,0,"-173,000","73,000","15,000","58,000","115,000","346,000","-231,000","3,348,000"
20180109,0050,元大台灣50,ETF,"3,664,716","1,340","308,057,554",84.10,84.25,83.90,84.15,+,0.05,84.10,796,84.15,6,0.00,"1,823,000","8,000","1,815,000",0,0,0,0,0,0,"-819,000","69,000",0,"69,000","399,000","1,287,000","-888,000","996,000"
20180110,0050,元大台灣50,ETF,"5,749,597","1,073","482,358,793",84.10,84.25,83.55,83.75,-,0.4,83.70,11,83.75,62,0.00,"322,000","20,000","302,000",0,0,0,0,0,0,"-2,161,000","212,000","126,000","86,000","678,000","2,925,000","-2,247,000","-1,859,000"
20180111,0050,元大台灣50,ETF,"2,579,225",735,"214,867,793",83.65,83.70,83.10,83.40,-,0.35,83.35,41,83.40,115,0.00,"2,000","745,000","-743,000",0,0,0,0,0,0,"-608,000","83,000","61,000","22,000","199,000","829,000","-630,000","-1,351,000"
20180112,0050,元大台灣50,ETF,"2,871,193","1,002","241,214,778",83.55,84.20,83.50,84.10,+,0.7,84.05,488,84.10,9,0.00,"810,000","849,000","-39,000",0,0,0,0,0,0,"1,327,000","119,000",0,"119,000","1,263,000","55,000","1,208,000","1,288,000"
20180115,0050,元大台灣50,ETF,"2,819,852","1,126","238,493,616",84.55,84.70,84.40,84.65,+,0.55,84.65,185,84.70,217,0.00,"788,000","707,717","80,283",0,0,0,0,0,0,"1,229,000","333,000","3,000","330,000","980,000","81,000","899,000","1,309,283"
20180116,0050,元大台灣50,ETF,"3,955,841","1,295","335,496,385",84.65,85.00,84.50,85.00,+,0.35,84.95,63,85.00,367,0.00,"227,000","1,004,000","-777,000",0,0,0,0,0,0,"39,000",0,0,0,"487,000","448,000","39,000","-738,000"
20180117,0050,元大台灣50,ETF,"5,698,268","2,017","485,174,071",84.65,85.45,84.65,85.15,+,0.15,85.15,179,85.20,102,0.00,"3,576,000","35,000","3,541,000",0,0,0,0,"250,000","-250,000","-1,669,000","57,000","901,000","-844,000","607,000","1,432,000","-825,000","1,622,000"
20180118,0050,元大台灣50,ETF,"6,898,803","2,272","594,091,024",85.50,86.55,85.50,86.30,+,1.15,86.30,21,86.35,101,0.00,"2,747,000","101,000","2,646,000",0,0,0,"377,000","120,000","257,000","2,388,000","516,000","117,000","399,000","2,135,000","146,000","1,989,000","5,291,000"
20180119,0050,元大台灣50,ETF,"5,302,072","1,445","461,040,360",86.35,87.15,86.35,87.15,+,0.85,87.10,"2,725",87.15,72,0.00,"1,191,000","280,000","911,000",0,0,0,0,0,0,"125,000","279,000","310,000","-31,000","759,000","603,000","156,000","1,036,000"
20180122,0050,元大台灣50,ETF,"4,441,061","1,746","389,066,253",87.15,87.95,87.15,87.95,+,0.8,87.90,6,87.95,5,0.00,"7,585","528,000","-520,415",0,0,0,"875,000",0,"875,000","-804,000","22,000","57,000","-35,000","1,276,000","2,045,000","-769,000","-449,415"
20180123,0050,元大台灣50,ETF,"5,799,932","1,842","511,405,502",88.05,88.40,87.90,88.30,+,0.35,88.25,563,88.35,123,0.00,"2,925,000","768,000","2,157,000",0,0,0,0,0,0,"-428,000","16,000","225,000","-209,000","981,000","1,200,000","-219,000","1,729,000"
20180124,0050,元大台灣50,ETF,"5,103,429","1,869","444,907,065",88.00,88.00,86.85,87.20,-,1.1,87.15,13,87.20,688,0.00,"440,000","409,000","31,000",0,0,0,0,0,0,"-1,334,000","470,000","220,000","250,000","832,000","2,416,000","-1,584,000","-1,303,000"
20180125,0050,元大台灣50,ETF,"4,983,684","1,652","436,967,956",87.25,88.30,87.15,87.45,+,0.25,87.40,40,87.45,15,0.00,"371,000","32,000","339,000",0,0,0,"200,000","30,000","170,000","-871,000","320,000","320,000",0,"1,317,000","2,188,000","-871,000","-362,000"
20180126,0050,元大台灣50,ETF,"7,774,673","3,087","678,481,509",87.45,87.60,86.85,87.50,+,0.05,87.45,41,87.50,885,0.00,"2,000","2,626,000","-2,624,000",0,0,0,0,0,0,"-2,917,000","118,000","67,000","51,000","829,000","3,797,000","-2,968,000","-5,541,000"
20180129,0050,元大台灣50,ETF,"6,445,797","3,453","551,350,942",85.50,86.15,85.20,85.55,X,0.0,85.55,9,85.60,727,0.00,"60,000","2,810,000","-2,750,000",0,0,0,0,0,0,"-1,654,000","62,000","5,000","57,000","102,000","1,813,000","-1,711,000","-4,404,000"
20180130,0050,元大台灣50,ETF,"4,966,261","2,337","421,572,779",85.20,85.35,84.50,84.55,-,1.0,84.55,77,84.60,4,0.00,"209,000","703,000","-494,000",0,0,0,"56,000","700,000","-644,000","-136,000","82,000","146,000","-64,000","693,000","765,000","-72,000","-1,274,000"
20180131,0050,元大台灣50,ETF,"4,251,739","1,176","359,040,915",84.40,85.00,84.15,84.65,+,0.1,84.60,21,84.65,80,0.00,"8,000","1,230,000","-1,222,000",0,0,0,0,"285,000","-285,000","974,000","338,000","50,000","288,000","1,433,000","747,000","686,000","-533,000"
20180201,0050,元大台灣50,ETF,"2,914,539",897,"248,420,810",84.75,85.50,84.75,85.25,+,0.6,85.25,13,85.30,383,0.00,"437,000","50,000","387,000",0,0,0,0,0,0,"109,000","2,000","386,000","-384,000","1,066,000","573,000","493,000","496,000"
20180202,0050,元大台灣50,ETF,"3,081,592",880,"261,095,295",84.85,85.15,84.35,84.90,-,0.35,84.90,519,84.95,15,0.00,"44,000","2,004,000","-1,960,000",0,0,0,0,0,0,"261,000","115,000","13,000","102,000","716,000","557,000","159,000","-1,699,000"
20180205,0050,元大台灣50,ETF,"7,075,902","2,875","588,994,369",83.20,83.75,82.90,83.60,-,1.3,83.55,50,83.60,183,0.00,"192,000","3,976,000","-3,784,000",0,0,0,0,"815,000","-815,000","-760,000","187,000","573,000","-386,000","275,000","649,000","-374,000","-5,359,000"
20180206,0050,元大台灣50,ETF,"32,222,595","11,372","2,574,016,957",80.85,81.10,78.80,79.65,-,3.95,79.60,123,79.65,506,0.00,"588,000","18,387,000","-17,799,000",0,0,0,0,"1,100,000","-1,100,000","-1,403,000","455,000","169,000","286,000","3,726,000","5,415,000","-1,689,000","-20,302,000"
20180207,0050,元大台灣50,ETF,"10,181,907","5,189","825,539,952",81.35,81.40,80.60,80.65,+,1.0,80.65,8,80.70,4,0.00,"301,000","3,130,000","-2,829,000",0,0,0,0,0,0,"-1,865,000","96,000","620,000","-524,000","1,050,000","2,391,000","-1,341,000","-4,694,000"
20180208,0050,元大台灣50,ETF,"4,514,691","1,972","363,476,832",80.65,80.95,80.30,80.60,-,0.05,80.55,68,80.60,84,0.00,"276,000","2,857,000","-2,581,000",0,0,0,0,0,0,"-341,000",0,"84,000","-84,000","355,000","612,000","-257,000","-2,922,000"
20180209,0050,元大台灣50,ETF,"16,211,237","6,760","1,271,812,204",78.60,79.20,78.00,79.05,-,1.55,79.00,173,79.05,201,0.00,"963,780","8,084,000","-7,120,220",0,0,0,0,0,0,"-236,000","581,000","167,000","414,000","1,395,000","2,045,000","-650,000","-7,356,220"
20180212,0050,元大台灣50,ETF,"8,443,795","3,828","672,977,850",79.55,79.90,79.40,79.70,+,0.65,79.65,176,79.70,59,0.00,"66,000","4,163,000","-4,097,000",0,0,0,0,"300,000","-300,000","-947,000","535,000","279,000","256,000","273,000","1,476,000","-1,203,000","-5,344,000"
20180221,0050,元大台灣50,ETF,"11,646,085","4,541","948,993,971",81.40,81.70,81.10,81.50,+,1.8,81.50,23,81.55,12,0.00,"377,000","3,895,000","-3,518,000",0,0,0,"1,100,000",0,"1,100,000","2,311,000","857,000","533,000","324,000","3,490,000","1,503,000","1,987,000","-107,000"
20180222,0050,元大台灣50,ETF,"3,749,910","1,744","303,821,917",81.50,81.50,80.75,81.00,-,0.5,80.95,20,81.00,676,0.00,0,"1,511,000","-1,511,000",0,0,0,0,0,0,"-1,356,000","113,000","160,000","-47,000","52,000","1,361,000","-1,309,000","-2,867,000"
20180223,0050,元大台灣50,ETF,"3,779,316","1,793","309,207,057",81.40,82.10,81.40,82.00,+,1.0,81.95,35,82.00,97,0.00,"442,000","396,000","46,000",0,0,0,"550,000",0,"550,000","330,000","34,000","256,000","-222,000","866,000","314,000","552,000","926,000"
20180226,0050,元大台灣50,ETF,"3,289,207","1,380","271,560,439",82.55,82.80,82.35,82.40,+,0.4,82.35,81,82.40,486,0.00,"1,383,731","6,000","1,377,731",0,0,0,0,0,0,"-511,000","52,000","103,000","-51,000","235,000","695,000","-460,000","866,731"
20180227,0050,元大台灣50,ETF,"7,663,746","2,037","634,417,022",83.10,83.20,82.35,82.35,-,0.05,82.30,8,82.35,185,0.00,"5,698,000","201,000","5,497,000",0,0,0,0,0,0,"-275,000","61,000","81,000","-20,000","625,000","880,000","-255,000","5,222,000"
20180301,0050,元大台灣50,ETF,"4,344,220","2,554","354,595,798",81.55,81.95,81.15,81.75,-,0.6,81.70,42,81.75,455,0.00,"62,000","992,000","-930,000",0,0,0,0,0,0,"-533,000","61,000","103,000","-42,000","507,000","998,000","-491,000","-1,463,000"
20180302,0050,元大台灣50,ETF,"6,262,361","2,846","505,982,082",80.85,81.20,80.45,81.15,-,0.6,81.10,3,81.15,474,0.00,"77,000","2,904,000","-2,827,000",0,0,0,0,0,0,"439,000","286,000","292,000","-6,000","1,080,000","635,000","445,000","-2,388,000"
20180305,0050,元大台灣50,ETF,"3,723,757","1,223","301,898,098",81.10,81.50,80.65,80.75,-,0.4,80.70,560,80.75,2,0.00,"34,000","1,070,000","-1,036,000",0,0,0,0,0,0,"452,000","48,000","242,000","-194,000","1,157,000","511,000","646,000","-584,000"
20180306,0050,元大台灣50,ETF,"5,732,204","1,756","469,203,518",81.65,82.15,81.60,82.15,+,1.4,82.10,488,82.15,1,0.00,"2,563,000","203,000","2,360,000",0,0,0,0,"850,000","-850,000","1,908,000","43,000","119,000","-76,000","2,574,000","590,000","1,984,000","3,418,000"
20180307,0050,元大台灣50,ETF,"2,619,161","1,029","214,899,152",81.75,82.45,81.70,81.80,-,0.35,81.75,131,81.80,152,0.00,"574,000","140,000","434,000",0,0,0,0,0,0,"-606,000","56,000","20,000","36,000","351,000","993,000","-642,000","-172,000"
20180308,0050,元大台灣50,ETF,"3,232,583","1,396","266,947,148",82.15,82.80,82.15,82.75,+,0.95,82.70,30,82.75,283,0.00,"2,109,000","68,000","2,041,000",0,0,0,0,0,0,"187,000","90,000","110,000","-20,000","410,000","203,000","207,000","2,228,000"
20180309,0050,元大台灣50,ETF,"2,832,064",986,"234,740,002",82.90,83.00,82.70,82.85,+,0.1,82.85,131,82.90,18,0.00,0,"155,000","-155,000",0,0,0,0,0,0,"998,000","909,000","21,000","888,000","926,000","816,000","110,000","843,000"
20180312,0050,元大台灣50,ETF,"8,752,324","2,942","735,446,031",83.60,84.25,83.55,84.15,+,1.3,84.15,11,84.20,49,0.00,"3,851,000","4,000","3,847,000",0,0,0,"500,000",0,"500,000","3,642,000","1,344,000",0,"1,344,000","2,300,000","2,000","2,298,000","7,989,000"
20180313,0050,元大台灣50,ETF,"9,837,435","3,126","831,704,291",84.35,84.95,84.30,84.95,+,0.8,84.90,2,84.95,149,0.00,"2,173,000","147,000","2,026,000",0,0,0,0,0,0,"5,736,000","214,000","601,000","-387,000","6,416,000","293,000","6,123,000","7,762,000"
20180314,0050,元大台灣50,ETF,"3,415,928","1,373","287,869,559",84.35,84.45,84.00,84.30,-,0.65,84.25,13,84.30,580,0.00,"217,000","12,000","205,000",0,0,0,"600,000",0,"600,000","-520,000","282,000","213,000","69,000","381,000","970,000","-589,000","285,000"
20180315,0050,元大台灣50,ETF,"3,506,898","1,533","295,014,773",84.00,84.30,83.90,84.25,-,0.05,84.20,6,84.25,625,0.00,"388,000","34,000","354,000",0,0,0,0,0,0,"-265,000","204,000","618,000","-414,000","916,000","767,000","149,000","89,000"
20180316,0050,元大台灣50,ETF,"5,510,671","1,652","460,021,500",84.00,84.20,83.10,83.90,-,0.35,83.85,4,83.90,43,0.00,"59,000","391,000","-332,000",0,0,0,0,0,0,"-1,664,000","515,000","195,000","320,000","625,000","2,609,000","-1,984,000","-1,996,000"
20180319,0050,元大台灣50,ETF,"2,035,534",892,"170,676,406",83.65,84.10,83.45,83.85,-,0.05,83.80,557,83.85,12,0.00,"490,000","1,000","489,000",0,0,0,0,0,0,"254,000","148,000","2,000","146,000","638,000","530,000","108,000","743,000"
20180320,0050,元大台灣50,ETF,"2,895,350","1,019","241,726,053",83.20,83.80,83.20,83.80,-,0.05,83.75,306,83.80,6,0.00,"1,311,000",0,"1,311,000",0,0,0,0,"1,100,000","-1,100,000","683,000","120,000","30,000","90,000","859,000","266,000","593,000","894,000"
20180321,0050,元大台灣50,ETF,"4,891,527","2,337","410,076,823",83.80,84.10,83.60,83.85,+,0.05,83.80,5,83.85,64,0.00,"3,069,716",0,"3,069,716",0,0,0,0,"1,100,000","-1,100,000","-1,104,000","99,000","306,000","-207,000","1,197,000","2,094,000","-897,000","865,716"
20180322,0050,元大台灣50,ETF,"3,429,925","1,608","288,139,929",84.00,84.60,83.45,83.55,-,0.3,83.55,684,83.60,16,0.00,"1,285,000",0,"1,285,000",0,0,0,0,0,0,"-146,000","15,000","321,000","-306,000","717,000","557,000","160,000","1,139,000"
20180323,0050,元大台灣50,ETF,"8,259,738","2,816","677,767,488",81.85,82.40,81.80,82.10,-,1.45,82.05,40,82.10,958,0.00,"336,000","845,000","-509,000",0,0,0,0,0,0,"-5,475,000","33,000","600,000","-567,000","299,000","5,207,000","-4,908,000","-5,984,000"
20180326,0050,元大台灣50,ETF,"4,369,122","1,837","357,831,903",81.85,82.20,81.60,82.20,+,0.1,82.15,287,82.20,1,0.00,"84,000","1,953,000","-1,869,000",0,0,0,0,0,0,"-1,378,000","20,000",0,"20,000","95,000","1,493,000","-1,398,000","-3,247,000"
20180327,0050,元大台灣50,ETF,"3,277,568","1,015","272,571,549",83.00,83.40,82.95,83.40,+,1.2,83.35,19,83.40,190,0.00,"1,222,000","10,000","1,212,000",0,0,0,0,0,0,"143,000","40,000","2,000","38,000","920,000","815,000","105,000","1,355,000"
20180328,0050,元大台灣50,ETF,"4,161,192","1,306","343,127,725",82.90,82.90,82.20,82.25,-,1.15,82.20,216,82.25,39,0.00,"552,000","213,000","339,000",0,0,0,0,0,0,"-3,243,000","180,000","241,000","-61,000","87,000","3,269,000","-3,182,000","-2,904,000"
20180329,0050,元大台灣50,ETF,"4,099,855","1,127","336,213,829",82.25,82.35,81.80,82.10,-,0.15,82.05,20,82.10,96,0.00,"64,000","2,225,000","-2,161,000",0,0,0,"122,000",0,"122,000","-1,292,000",0,"198,000","-198,000","173,000","1,267,000","-1,094,000","-3,331,000"
20180330,0050,元大台灣50,ETF,"4,994,090","1,285","414,075,827",82.65,83.05,82.65,82.85,+,0.75,82.85,75,82.90,49,0.00,"2,637,000","10,000","2,627,000",0,0,0,0,0,0,"-752,000","10,000","382,000","-372,000","1,684,000","2,064,000","-380,000","1,875,000"
20180402,0050,元大台灣50,ETF,"3,737,299","1,099","307,813,730",82.85,82.95,82.15,82.25,-,0.7,82.20,22,82.25,80,0.00,"17,000","1,379,000","-1,362,000",0,0,0,0,0,0,"-82,000","136,000","1,000","135,000","800,000","1,017,000","-217,000","-1,444,000"
20180403,0050,元大台灣50,ETF,"6,187,523","2,624","503,435,586",81.50,81.55,81.20,81.50,-,0.75,81.50,211,81.55,370,0.00,"9,000","3,775,000","-3,766,000",0,0,0,0,0,0,"-1,273,000","461,000",0,"461,000","253,000","1,987,000","-1,734,000","-5,039,000"
20180409,0050,元大台灣50,ETF,"3,401,430","1,167","278,923,482",82.15,82.30,81.60,82.20,+,0.7,82.20,7,82.25,133,0.00,0,"1,288,000","-1,288,000",0,0,0,0,0,0,"2,237,000","38,000","150,000","-112,000","2,369,000","20,000","2,349,000","949,000"
20180410,0050,元大台灣50,ETF,"3,860,497","1,039","318,719,411",82.10,82.85,81.75,82.50,+,0.3,82.50,188,82.60,14,0.00,"109,000","153,000","-44,000",0,0,0,0,0,0,"2,030,000","582,000","30,000","552,000","1,936,000","458,000","1,478,000","1,986,000"
20180411,0050,元大台灣50,ETF,"2,603,653","1,252","215,930,349",82.90,83.10,82.75,82.85,+,0.35,82.80,147,82.85,31,0.00,0,"409,000","-409,000",0,0,0,"940,000",0,"940,000","167,000","39,000","41,000","-2,000","585,000","416,000","169,000","698,000"
20180412,0050,元大台灣50,ETF,"3,591,573","1,267","296,423,097",83.05,83.15,82.25,82.50,-,0.35,82.45,5,82.50,6,0.00,"110,000","1,786,000","-1,676,000",0,0,0,"1,530,000",0,"1,530,000","-506,000","1,000","323,000","-322,000","378,000","562,000","-184,000","-652,000"
20180413,0050,元大台灣50,ETF,"2,982,732",792,"246,303,554",82.70,82.80,82.30,82.50, ,0.0,82.50,11,82.55,128,0.00,"100,000","1,563,000","-1,463,000",0,0,0,0,0,0,"2,258,000",0,0,0,"2,359,000","101,000","2,258,000","795,000"
20180416,0050,元大台灣50,ETF,"1,809,198",761,"148,796,053",82.65,82.65,82.00,82.30,-,0.2,82.30,26,82.35,1,0.00,0,"124,000","-124,000",0,0,0,0,0,0,"428,000","14,000","2,000","12,000","793,000","377,000","416,000","304,000"
20180417,0050,元大台灣50,ETF,"4,325,040","2,223","352,876,030",82.40,82.40,81.35,81.40,-,0.9,81.40,202,81.45,25,0.00,"167,000","1,497,000","-1,330,000",0,0,0,"10,000","85,000","-75,000","-1,700,000",0,"29,000","-29,000","149,000","1,820,000","-1,671,000","-3,105,000"
20180418,0050,元大台灣50,ETF,"3,739,837","1,306","305,624,331",81.60,82.10,81.35,81.60,+,0.2,81.55,6,81.60,137,0.00,"41,000","1,017,000","-976,000",0,0,0,0,0,0,"875,000",0,0,0,"2,046,000","1,171,000","875,000","-101,000"
20180419,0050,元大台灣50,ETF,"4,461,269","1,200","367,816,687",81.90,82.65,81.90,82.65,+,1.05,82.60,200,82.65,29,0.00,"2,000","186,000","-184,000",0,0,0,0,0,0,"3,507,000","162,000","418,000","-256,000","3,953,000","190,000","3,763,000","3,323,000"
20180420,0050,元大台灣50,ETF,"9,017,715","3,705","728,325,834",81.00,81.10,80.50,80.75,-,1.9,80.75,40,80.80,971,0.00,"257,000","104,000","153,000",0,0,0,0,"450,000","-450,000","-7,070,000","79,000","717,000","-638,000","874,000","7,306,000","-6,432,000","-7,367,000"
20180423,0050,元大台灣50,ETF,"10,624,780","5,274","850,769,704",80.25,80.45,79.90,79.95,-,0.8,79.90,786,79.95,616,0.00,"105,743","5,290,000","-5,184,257",0,0,0,0,"1,050,000","-1,050,000","-3,092,000","98,000","78,000","20,000","334,000","3,446,000","-3,112,000","-9,326,257"
20180424,0050,元大台灣50,ETF,"16,867,787","6,924","1,341,875,510",79.90,79.95,79.05,79.55,-,0.4,79.55,52,79.65,11,0.00,"21,000","9,653,000","-9,632,000",0,0,0,0,"1,170,000","-1,170,000","-2,045,000","809,000","105,000","704,000","1,132,000","3,881,000","-2,749,000","-12,847,000"
20180425,0050,元大台灣50,ETF,"16,460,997","7,679","1,301,833,349",79.25,79.30,78.80,79.30,-,0.25,79.25,174,79.30,106,0.00,"2,000","10,120,000","-10,118,000",0,0,0,0,0,0,"-4,328,000","76,000","96,000","-20,000","693,000","5,001,000","-4,308,000","-14,446,000"
20180426,0050,元大台灣50,ETF,"16,485,778","6,863","1,305,124,761",79.70,79.70,78.80,79.05,-,0.25,79.05,9,79.10,29,0.00,"12,000","10,224,000","-10,212,000",0,0,0,0,0,0,"-3,560,000","188,000","760,000","-572,000","1,268,000","4,256,000","-2,988,000","-13,772,000"
20180427,0050,元大台灣50,ETF,"12,395,611","4,730","979,827,894",79.60,79.65,78.80,79.20,+,0.15,79.15,27,79.20,126,0.00,"282,000","8,734,000","-8,452,000",0,0,0,0,0,0,"-1,444,000","517,000",0,"517,000","646,000","2,607,000","-1,961,000","-9,896,000"
20180430,0050,元大台灣50,ETF,"6,516,983","2,677","519,421,423",79.65,80.15,79.05,80.00,+,0.8,79.95,114,80.00,131,0.00,"8,000","1,794,000","-1,786,000",0,0,0,0,0,0,"49,000","843,000",0,"843,000","930,000","1,724,000","-794,000","-1,737,000"
20180502,0050,元大台灣50,ETF,"5,513,498","2,584","439,622,305",80.05,80.15,79.40,79.40,-,0.6,79.40,195,79.45,11,0.00,"13,060","3,944,000","-3,930,940",0,0,0,"400,000",0,"400,000","-94,000","199,000","260,000","-61,000","373,000","406,000","-33,000","-3,624,940"
20180503,0050,元大台灣50,ETF,"8,823,434","4,248","694,073,004",79.05,79.05,78.35,78.55,-,0.85,78.50,599,78.55,420,0.00,"3,000","6,258,000","-6,255,000",0,0,0,"6,000",0,"6,000","-87,000","295,000",0,"295,000","881,000","1,263,000","-382,000","-6,336,000"
20180504,0050,元大台灣50,ETF,"3,475,423","1,860","273,248,775",78.55,79.00,78.40,78.95,+,0.4,78.90,44,78.95,401,0.00,0,"1,224,000","-1,224,000",0,0,0,0,0,0,"-761,000","240,000","18,000","222,000","354,000","1,337,000","-983,000","-1,985,000"
20180507,0050,元大台灣50,ETF,"3,858,382","1,752","305,849,245",79.50,79.55,78.80,79.50,+,0.55,79.45,62,79.50,700,0.00,"289,760","1,639,000","-1,349,240",0,0,0,0,"56,000","-56,000","582,000","180,000","32,000","148,000","1,097,000","663,000","434,000","-823,240"
20180508,0050,元大台灣50,ETF,"5,352,116","2,272","427,504,370",79.40,80.05,79.35,80.00,+,0.5,79.95,703,80.00,15,0.00,"77,000","831,000","-754,000",0,0,0,0,0,0,"2,302,000",0,"40,000","-40,000","2,540,000","198,000","2,342,000","1,548,000"
20180509,0050,元大台灣50,ETF,"3,359,022","1,914","270,071,272",80.00,80.55,80.00,80.45,+,0.45,80.40,221,80.45,9,0.00,"83,000","213,000","-130,000",0,0,0,"1,300,000",0,"1,300,000","1,119,000","20,000","20,000",0,"1,213,000","94,000","1,119,000","2,289,000"
20180510,0050,元大台灣50,ETF,"5,977,304","3,239","481,662,488",80.70,80.70,80.45,80.65,+,0.2,80.60,212,80.65,183,0.00,"272,000","298,000","-26,000",0,0,0,0,0,0,"3,381,000","436,000","474,000","-38,000","3,695,000","276,000","3,419,000","3,355,000"
20180511,0050,元大台灣50,ETF,"17,654,297","6,364","1,436,892,102",81.10,81.70,81.05,81.60,+,0.95,81.60,449,81.65,47,0.00,"12,696,160","30,000","12,666,160",0,0,0,"700,000",0,"700,000","1,134,000","120,000","713,000","-593,000","2,492,000","765,000","1,727,000","14,500,160"
20180514,0050,元大台灣50,ETF,"17,197,686","6,171","1,414,607,650",82.00,82.60,81.90,82.50,+,0.9,82.50,41,82.55,163,0.00,"11,722,000","130,000","11,592,000",0,0,0,0,0,0,"2,554,000","288,000","327,000","-39,000","4,118,000","1,525,000","2,593,000","14,146,000"
20180515,0050,元大台灣50,ETF,"7,222,482","2,449","592,065,703",82.35,82.40,81.65,81.65,-,0.85,81.60,35,81.65,104,0.00,"3,549,000","23,000","3,526,000",0,0,0,0,0,0,"1,085,000","370,000","1,429,000","-1,059,000","2,285,000","141,000","2,144,000","4,611,000"
20180516,0050,元大台灣50,ETF,"8,293,601","2,922","677,320,569",81.45,81.80,81.40,81.75,+,0.1,81.70,1,81.75,339,0.00,"5,486,000","480,000","5,006,000",0,0,0,0,0,0,"-2,284,000","60,000","191,000","-131,000","2,015,000","4,168,000","-2,153,000","2,722,000"
20180517,0050,元大台灣50,ETF,"1,940,778","1,009","158,110,701",81.95,82.00,81.20,81.20,-,0.55,81.20,49,81.25,135,0.00,"97,000","252,000","-155,000",0,0,0,0,0,0,"470,000",0,0,0,"727,000","257,000","470,000","315,000"
20180518,0050,元大台灣50,ETF,"2,360,712","1,051","191,353,462",81.20,81.50,80.85,80.95,-,0.25,80.90,86,80.95,75,0.00,"232,000","124,000","108,000",0,0,0,0,0,0,"1,060,000",0,0,0,"1,336,000","276,000","1,060,000","1,168,000"
20180521,0050,元大台灣50,ETF,"3,889,661","1,717","318,673,185",81.20,82.10,81.20,82.05,+,1.1,82.00,83,82.05,412,0.00,"96,000","101,000","-5,000",0,0,0,0,0,0,"1,874,000",0,0,0,"2,018,000","144,000","1,874,000","1,869,000"
20180522,0050,元大台灣50,ETF,"1,837,449",834,"150,711,615",81.80,82.30,81.75,81.75,-,0.3,81.75,13,81.80,223,0.00,"298,000","166,000","132,000",0,0,0,0,0,0,"543,000",0,0,0,"847,000","304,000","543,000","675,000"
20180523,0050,元大台灣50,ETF,"2,124,373",663,"173,329,337",81.90,82.00,81.30,81.35,-,0.4,81.35,29,81.40,101,0.00,"285,000","210,000","75,000",0,0,0,0,0,0,"-280,000","51,000","181,000","-130,000","572,000","722,000","-150,000","-205,000"
20180524,0050,元大台灣50,ETF,"1,135,324",460,"92,525,577",81.35,81.70,81.25,81.55,+,0.2,81.55,624,81.60,13,0.00,"1,738","30,000","-28,262",0,0,0,0,0,0,"760,000","57,000",0,"57,000","793,000","90,000","703,000","731,738"
20180525,0050,元大台灣50,ETF,"3,115,748","1,454","254,971,743",81.55,82.05,81.40,81.85,+,0.3,81.85,2,81.90,10,0.00,"984,000","80,000","904,000",0,0,0,0,0,0,"1,221,000","246,000","297,000","-51,000","1,537,000","265,000","1,272,000","2,125,000"
20180528,0050,元大台灣50,ETF,"2,940,383","1,601","241,485,608",82.05,82.25,82.00,82.20,+,0.35,82.15,11,82.20,15,0.00,"462,000","21,000","441,000",0,0,0,0,0,0,"1,268,000","30,000",0,"30,000","1,778,000","540,000","1,238,000","1,709,000"
20180529,0050,元大台灣50,ETF,"1,388,540",580,"113,427,981",82.20,82.20,81.50,81.85,-,0.35,81.80,3,81.85,141,0.00,"388,000","676,000","-288,000",0,0,0,0,0,0,"73,000","100,000","50,000","50,000","155,000","132,000","23,000","-215,000"
20180530,0050,元大台灣50,ETF,"6,177,819","3,017","497,863,690",81.40,81.40,80.30,80.40,-,1.45,80.40,18,80.45,196,0.00,"284,000","2,047,000","-1,763,000",0,0,0,0,0,0,"247,000","500,000","110,000","390,000","1,245,000","1,388,000","-143,000","-1,516,000"
20180531,0050,元大台灣50,ETF,"1,605,922",733,"129,628,697",80.80,80.95,80.55,80.75,+,0.35,80.75,116,80.80,17,0.00,"331,000","84,000","247,000",0,0,0,0,0,0,"-490,000","155,000","84,000","71,000","106,000","667,000","-561,000","-243,000"
20180601,0050,元大台灣50,ETF,"1,848,694",818,"150,141,515",80.80,81.45,80.80,81.35,+,0.6,81.30,15,81.35,8,0.00,"178,000","122,000","56,000",0,0,0,0,0,0,"876,000","89,000","199,000","-110,000","1,106,000","120,000","986,000","932,000"
20180604,0050,元大台灣50,ETF,"7,081,064","2,675","583,108,366",81.80,82.60,81.80,82.60,+,1.25,82.60,456,82.65,56,0.00,"1,858,000","57,000","1,801,000",0,0,0,0,0,0,"4,160,000","680,000","67,000","613,000","3,822,000","275,000","3,547,000","5,961,000"
20180605,0050,元大台灣50,ETF,"2,695,921","1,361","222,338,374",82.70,82.70,82.25,82.50,-,0.1,82.50,75,82.55,24,0.00,"418,105","424,000","-5,895",0,0,0,0,"500,000","-500,000","1,299,000","61,000","50,000","11,000","1,596,000","308,000","1,288,000","793,105"
20180606,0050,元大台灣50,ETF,"6,398,322","2,988","531,456,226",82.65,83.35,82.65,83.30,+,0.8,83.25,789,83.30,74,0.00,"1,673,000","453,000","1,220,000",0,0,0,0,0,0,"3,581,000","69,000","176,000","-107,000","3,868,000","180,000","3,688,000","4,801,000"
20180607,0050,元大台灣50,ETF,"6,704,318","1,499","557,849,318",83.50,83.60,83.00,83.45,+,0.15,83.45,202,83.50,252,0.00,"2,764,000","20,000","2,744,000",0,0,0,0,0,0,"1,936,000","132,000","1,203,000","-1,071,000","3,110,000","103,000","3,007,000","4,680,000"
20180608,0050,元大台灣50,ETF,"3,469,539",980,"287,811,322",83.30,83.30,82.50,82.55,-,0.9,82.55,106,82.60,19,0.00,"1,990,000","30,000","1,960,000",0,0,0,0,0,0,"-1,470,000","39,000","1,122,000","-1,083,000","379,000","766,000","-387,000","490,000"
20180611,0050,元大台灣50,ETF,"3,264,375",838,"269,605,262",82.80,82.95,82.40,82.65,+,0.1,82.65,21,82.70,29,0.00,"460,000","99,000","361,000",0,0,0,0,0,0,"2,026,000","312,000",0,"312,000","1,903,000","189,000","1,714,000","2,387,000"
20180612,0050,元大台灣50,ETF,"2,243,224",697,"184,469,445",82.25,82.50,81.95,82.50,-,0.15,82.45,15,82.50,391,0.00,"610,000","118,000","492,000",0,0,0,0,0,0,"-304,000","56,000","30,000","26,000","627,000","957,000","-330,000","188,000"
20180613,0050,元大台灣50,ETF,"4,668,145","1,475","386,299,235",82.45,83.10,82.35,83.00,+,0.5,83.00,231,83.05,60,0.00,"2,682,000","122,000","2,560,000",0,0,0,0,0,0,"-45,000","106,000","172,000","-66,000","566,000","545,000","21,000","2,515,000"
20180614,0050,元大台灣50,ETF,"3,564,268","1,517","292,513,426",82.50,82.55,81.75,81.75,-,1.25,81.70,59,81.75,271,0.00,"272,000","659,000","-387,000",0,0,0,0,0,0,"-1,813,642","185,000","80,000","105,000","112,000","2,030,642","-1,918,642","-2,200,642"
20180615,0050,元大台灣50,ETF,"3,862,122","1,377","314,683,389",81.60,81.95,81.20,81.95,+,0.2,81.95,475,82.00,513,0.00,"230,000","550,000","-320,000",0,0,0,0,"1,100,000","-1,100,000","-62,000","411,000",0,"411,000","860,000","1,333,000","-473,000","-1,482,000"
20180619,0050,元大台灣50,ETF,"4,994,238","2,728","403,588,078",81.10,81.20,80.60,80.60,-,1.35,80.55,55,80.60,29,0.00,"22,000","1,053,000","-1,031,000",0,0,0,0,"600,000","-600,000","-2,480,000","48,000","255,000","-207,000","244,000","2,517,000","-2,273,000","-4,111,000"
20180620,0050,元大台灣50,ETF,"7,866,995","4,099","637,796,526",80.65,81.70,80.30,81.50,+,0.9,81.45,1,81.50,4,0.00,"4,102,000","2,166,000","1,936,000",0,0,0,0,0,0,"-3,462,000","47,000","693,000","-646,000","747,000","3,563,000","-2,816,000","-1,526,000"
20180621,0050,元大台灣50,ETF,"2,134,851","1,305","173,683,734",81.50,81.60,81.20,81.25,-,0.25,81.20,239,81.25,388,0.00,0,"650,000","-650,000",0,0,0,0,0,0,"-488,000","74,000","20,000","54,000","209,000","751,000","-542,000","-1,138,000"
20180622,0050,元大台灣50,ETF,"6,482,461","2,708","523,157,693",80.80,81.20,80.35,81.15,-,0.1,81.10,26,81.15,986,0.00,"23,000","1,895,000","-1,872,000",0,0,0,"1,100,000",0,"1,100,000","-3,359,000",0,"73,000","-73,000","338,000","3,624,000","-3,286,000","-4,131,000"
20180625,0050,元大台灣50,ETF,"7,993,181","3,482","646,507,087",80.85,81.05,80.70,80.90,-,0.25,80.85,437,80.90,229,0.00,"12,000","2,112,000","-2,100,000",0,0,0,0,0,0,"-4,326,000",0,0,0,"257,000","4,583,000","-4,326,000","-6,426,000"
20180626,0050,元大台灣50,ETF,"16,434,141","7,473","1,320,542,535",80.70,80.70,80.00,80.70,-,0.2,80.65,99,80.70,317,0.00,"8,000","9,276,000","-9,268,000",0,0,0,0,0,0,"-3,304,000","117,000","54,000","63,000","1,469,000","4,836,000","-3,367,000","-12,572,000"
20180627,0050,元大台灣50,ETF,"8,308,049","3,764","668,958,497",80.75,80.90,80.30,80.40,-,0.3,80.40,6,80.45,325,0.00,"50,000","3,823,000","-3,773,000",0,0,0,"4,000","1,200,000","-1,196,000","-1,014,000",0,0,0,"1,137,000","2,151,000","-1,014,000","-5,983,000"
20180628,0050,元大台灣50,ETF,"12,064,020","4,165","965,311,034",80.05,80.40,79.80,80.05,-,0.35,80.05,127,80.10,228,0.00,"38,000","7,510,000","-7,472,000",0,0,0,0,0,0,"495,000","665,000","57,000","608,000","2,927,000","3,040,000","-113,000","-6,977,000"
20180629,0050,元大台灣50,ETF,"6,584,213","3,155","532,141,516",80.30,81.55,80.20,81.45,+,1.4,81.45,557,81.50,136,0.00,"1,083,000","2,868,000","-1,785,000",0,0,0,0,0,0,"1,918,000","56,000","67,000","-11,000","2,722,000","793,000","1,929,000","133,000"
20180702,0050,元大台灣50,ETF,"4,175,628","1,476","340,342,167",81.50,81.90,81.00,81.05,-,0.4,81.05,20,81.10,6,0.00,"228,001","63,000","165,001",0,0,0,0,0,0,"1,335,000","144,000",0,"144,000","2,163,000","972,000","1,191,000","1,500,001"
20180703,0050,元大台灣50,ETF,"5,023,687","1,445","407,797,091",81.30,81.95,80.60,81.15,+,0.1,81.10,51,81.15,304,0.00,"217,000","1,145,000","-928,000",0,0,0,0,"600,000","-600,000","1,982,000","48,000","480,000","-432,000","3,090,000","676,000","2,414,000","454,000"
20180704,0050,元大台灣50,ETF,"1,746,449",720,"142,005,065",81.15,81.60,81.10,81.40,+,0.25,81.35,342,81.40,7,0.00,"225,000","101,000","124,000",0,0,0,0,0,0,"708,000","48,000",0,"48,000","967,000","307,000","660,000","832,000"
20180705,0050,元大台灣50,ETF,"3,119,082","1,163","252,501,708",81.45,81.45,80.60,80.75,-,0.65,80.70,53,80.75,4,0.00,"1,000","1,365,000","-1,364,000",0,0,0,0,0,0,"123,000","360,000",0,"360,000","699,000","936,000","-237,000","-1,241,000"
20180706,0050,元大台灣50,ETF,"5,351,492","1,679","431,770,914",81.10,81.15,80.20,80.95,+,0.2,80.95,65,81.00,141,0.00,"664,000","1,476,000","-812,000",0,0,0,0,0,0,"-320,000","50,000",0,"50,000","1,355,000","1,725,000","-370,000","-1,132,000"
20180709,0050,元大台灣50,ETF,"9,040,778","2,919","742,124,242",81.75,82.45,81.55,82.25,+,1.3,82.20,156,82.25,110,0.00,"4,579,000","810,000","3,769,000",0,0,0,0,0,0,"2,493,000","263,000","50,000","213,000","3,002,000","722,000","2,280,000","6,262,000"
20180710,0050,元大台灣50,ETF,"4,913,802","2,340","405,509,024",82.65,82.80,82.35,82.45,+,0.2,82.45,754,82.50,719,0.00,"483,000","197,000","286,000",0,0,0,"2,400,000",0,"2,400,000","-44,000","70,000","14,000","56,000","559,000","659,000","-100,000","2,642,000"
20180711,0050,元大台灣50,ETF,"3,899,069","1,081","317,877,992",81.70,81.90,81.30,81.70,-,0.75,81.65,15,81.70,48,0.00,"1,001,000","777,000","224,000",0,0,0,0,0,0,"-1,504,000","15,000",0,"15,000","643,000","2,162,000","-1,519,000","-1,280,000"
20180712,0050,元大台灣50,ETF,"6,882,846","2,051","567,290,801",81.60,82.65,81.50,82.65,+,0.95,82.60,13,82.65,189,0.00,"3,078,000","7,000","3,071,000",0,0,0,"16,000",0,"16,000","2,830,000","389,000","11,000","378,000","2,867,000","415,000","2,452,000","5,917,000"
20180713,0050,元大台灣50,ETF,"13,661,779","4,818","1,135,575,906",83.00,83.40,82.80,83.35,+,0.7,83.35,18,83.40,663,0.00,"3,679,000","695,105","2,983,895",0,0,0,0,0,0,"6,368,000","123,000","27,000","96,000","6,621,000","349,000","6,272,000","9,351,895"
20180716,0050,元大台灣50,ETF,"5,332,432","1,945","443,588,641",83.30,83.45,83.00,83.00,-,0.35,83.00,14,83.05,1,0.00,"1,247,000",0,"1,247,000",0,0,0,"24,000",0,"24,000","2,075,000","44,000","782,000","-738,000","3,204,000","391,000","2,813,000","3,346,000"
20180717,0050,元大台灣50,ETF,"2,992,751",949,"247,259,857",82.85,82.85,82.40,82.55,-,0.45,82.55,41,82.60,11,0.00,"12,000","100,000","-88,000",0,0,0,0,0,0,"615,000","20,000","864,000","-844,000","1,897,000","438,000","1,459,000","527,000"
20180718,0050,元大台灣50,ETF,"13,174,455","6,528","1,096,705,424",83.15,83.50,82.95,83.05,+,0.5,83.05,103,83.10,204,0.00,"11,535,000","3,799,000","7,736,000",0,0,0,0,0,0,"-2,784,000","6,000",0,"6,000","1,016,000","3,806,000","-2,790,000","4,952,000"
20180719,0050,元大台灣50,ETF,"13,217,661","3,471","1,104,868,177",83.10,83.80,83.05,83.30,+,0.25,83.30,389,83.35,29,0.00,"8,630,000","2,933,000","5,697,000",0,0,0,0,0,0,"2,663,000","1,278,000",0,"1,278,000","2,688,000","1,303,000","1,385,000","8,360,000"
20180720,0050,元大台灣50,ETF,"18,403,370","5,400","1,554,789,461",84.00,84.70,84.00,84.65,+,1.35,84.60,204,84.65,80,0.00,"14,231,000","1,673,000","12,558,000",0,0,0,0,0,0,"1,129,000","44,000","230,000","-186,000","2,924,000","1,609,000","1,315,000","13,687,000"
20180723,0050,元大台灣50,ETF,"8,504,472","2,543","717,700,336",84.30,84.75,83.85,84.55,X,0.0,84.55,59,84.60,137,0.00,"6,404,000","228,000","6,176,000",0,0,0,0,0,0,"-921,000",0,"300,000","-300,000","1,381,000","2,002,000","-621,000","5,255,000"
20180724,0050,元大台灣50,ETF,"5,116,814","2,053","432,638,596",84.45,84.70,84.15,84.70,+,0.15,84.65,926,84.70,151,0.00,"2,465,000","6,000","2,459,000",0,0,0,0,0,0,"1,836,000",0,0,0,"1,858,000","22,000","1,836,000","4,295,000"
20180725,0050,元大台灣50,ETF,"6,352,201","1,862","538,152,149",84.05,84.85,84.05,84.75,+,0.05,84.70,688,84.75,72,0.00,"5,448,000","178,000","5,270,000",0,0,0,0,0,0,"-956,000",0,0,0,"324,000","1,280,000","-956,000","4,314,000"
20180726,0050,元大台灣50,ETF,"8,471,170","2,884","720,308,687",84.75,85.25,84.75,85.00,+,0.25,85.00,72,85.05,18,0.00,"7,150,000","25,000","7,125,000",0,0,0,0,0,0,"-1,183,000","56,000",0,"56,000","883,000","2,122,000","-1,239,000","5,942,000"
20180727,0050,元大台灣50,ETF,"5,947,118","1,942","508,730,875",85.10,85.75,85.10,85.70,+,0.7,85.65,185,85.70,46,0.00,"3,234,000","101,000","3,133,000",0,0,0,0,0,0,"1,312,000",0,0,0,"1,732,000","420,000","1,312,000","4,445,000"
20180730,0050,元大台灣50,ETF,"3,230,410","1,179","276,780,248",85.65,85.90,85.40,85.55,-,0.15,85.50,510,85.55,90,0.00,"1,753,000","186,060","1,566,940",0,0,0,0,"30,000","-30,000","512,000",0,"67,000","-67,000","971,000","392,000","579,000","2,048,940"
20180731,0050,元大台灣50,ETF,"2,739,663","1,056","234,041,326",85.35,85.70,85.05,85.55, ,0.0,85.50,36,85.55,249,0.00,"684,000","53,000","631,000",0,0,0,0,"265,000","-265,000","1,152,000",0,0,0,"1,358,000","206,000","1,152,000","1,518,000"
20180801,0050,元大台灣50,ETF,"4,012,507","1,507","345,034,802",85.80,86.20,85.80,86.15,+,0.6,86.10,114,86.15,26,0.00,"1,996,000","10,000","1,986,000",0,0,0,0,0,0,"632,000","154,000","1,000","153,000","1,001,000","522,000","479,000","2,618,000"
20180802,0050,元大台灣50,ETF,"4,774,950","1,255","408,144,300",86.10,86.15,84.85,84.85,-,1.3,84.85,257,84.95,28,0.00,"2,044,000","135,160","1,908,840",0,0,0,0,0,0,"-713,000","184,000","20,000","164,000","653,000","1,530,000","-877,000","1,195,840"
20180803,0050,元大台灣50,ETF,"1,225,166",661,"104,806,018",85.40,85.70,85.35,85.55,+,0.7,85.50,52,85.55,21,0.00,"234,000","1,000","233,000",0,0,0,0,0,0,"320,000","276,000",0,"276,000","259,000","215,000","44,000","553,000"
20180806,0050,元大台灣50,ETF,"2,424,671","1,169","208,061,157",85.55,86.10,85.35,85.70,+,0.15,85.70,1,85.75,7,0.00,"245,000","3,000","242,000",0,0,0,0,0,0,"-445,000","368,000",0,"368,000","146,000","959,000","-813,000","-203,000"
20180807,0050,元大台灣50,ETF,"1,199,281",893,"102,654,664",85.70,85.80,85.40,85.50,-,0.2,85.45,12,85.50,364,0.00,"184,000","30,000","154,000",0,0,0,0,0,0,"-615,445","46,000",0,"46,000","72,000","733,445","-661,445","-461,445"
20180808,0050,元大台灣50,ETF,"4,074,984","1,274","351,307,291",85.80,86.40,85.80,86.15,+,0.65,86.15,177,86.20,55,0.00,"2,072,000","215,000","1,857,000",0,0,0,0,0,0,"-119,000",0,0,0,"523,000","642,000","-119,000","1,738,000"
20180809,0050,元大台灣50,ETF,"1,631,789",860,"140,409,677",86.10,86.25,85.70,86.15, ,0.0,86.10,20,86.15,358,0.00,"468,000","185,000","283,000",0,0,0,0,"10,000","-10,000","-721,000","23,000",0,"23,000","60,000","804,000","-744,000","-448,000"
20180810,0050,元大台灣50,ETF,"1,279,917",717,"109,887,403",85.70,86.15,85.65,85.70,-,0.45,85.65,41,85.70,478,0.00,"167,000","8,000","159,000",0,0,0,0,0,0,"-611,000","11,000",0,"11,000","40,000","662,000","-622,000","-452,000"
20180813,0050,元大台灣50,ETF,"7,284,934","3,154","613,593,198",85.05,85.05,83.65,83.95,-,1.75,83.90,19,83.95,142,0.00,"675,000","2,708,000","-2,033,000",0,0,0,0,0,0,"-2,202,000",0,"908,000","-908,000","1,076,000","2,370,000","-1,294,000","-4,235,000"
20180814,0050,元大台灣50,ETF,"2,243,205","1,082","189,202,665",84.40,84.60,84.05,84.55,+,0.6,84.50,3,84.55,51,0.00,"291,000","5,000","286,000",0,0,0,0,0,0,"836,000",0,0,0,"1,033,000","197,000","836,000","1,122,000"
20180815,0050,元大台灣50,ETF,"4,279,671","2,778","358,442,697",84.50,84.50,83.45,83.75,-,0.8,83.70,12,83.75,"1,021",0.00,"1,012,000","1,782,000","-770,000",0,0,0,0,0,0,"-964,000",0,0,0,"413,000","1,377,000","-964,000","-1,734,000"
20180816,0050,元大台灣50,ETF,"4,532,542","1,957","378,662,628",83.25,84.10,83.05,83.80,+,0.05,83.75,38,83.80,575,0.00,"32,000","757,000","-725,000",0,0,0,0,0,0,"-2,618,000",0,0,0,"161,000","2,779,000","-2,618,000","-3,343,000"
20180817,0050,元大台灣50,ETF,"4,640,039","1,655","388,914,326",83.95,84.15,83.60,83.65,-,0.15,83.60,117,83.65,23,0.00,"104,000","1,082,000","-978,000",0,0,0,0,0,0,"-2,420,000",0,0,0,"274,000","2,694,000","-2,420,000","-3,398,000"
20180820,0050,元大台灣50,ETF,"3,147,996","1,466","264,000,882",83.90,84.10,83.70,83.95,+,0.3,83.90,51,83.95,"1,061",0.00,"5,000","566,000","-561,000",0,0,0,0,0,0,"-2,039,000",0,0,0,"68,000","2,107,000","-2,039,000","-2,600,000"
20180821,0050,元大台灣50,ETF,"5,023,058","1,700","423,888,290",83.90,84.65,83.90,84.55,+,0.6,84.50,32,84.55,562,0.00,"14,000","2,069,000","-2,055,000",0,0,0,"1,100,000",0,"1,100,000","-731,000",0,"42,000","-42,000","778,000","1,467,000","-689,000","-1,686,000"
20180822,0050,元大台灣50,ETF,"3,545,768","1,156","300,217,040",84.70,84.85,84.35,84.65,+,0.1,84.60,76,84.65,1,0.00,"702,000","288,000","414,000",0,0,0,"100,000",0,"100,000","-2,113,000","76,000",0,"76,000","63,000","2,252,000","-2,189,000","-1,599,000"
20180823,0050,元大台灣50,ETF,"3,869,236",903,"328,564,580",84.80,85.20,84.60,85.05,+,0.4,85.05,575,85.10,89,0.00,"1,275,000","302,000","973,000",0,0,0,0,0,0,"-61,000","118,000",0,"118,000","1,361,000","1,540,000","-179,000","912,000"
20180824,0050,元大台灣50,ETF,"2,549,174",810,"216,059,090",85.00,85.10,84.45,84.80,-,0.25,84.80,7,84.85,3,0.00,"610,000","108,000","502,000",0,0,0,"200,000",0,"200,000","-1,290,000","41,000",0,"41,000","353,000","1,684,000","-1,331,000","-588,000"
20180827,0050,元大台灣50,ETF,"5,025,454","1,853","428,795,783",85.00,85.55,85.00,85.55,+,0.75,85.50,106,85.55,340,0.00,"2,872,000",0,"2,872,000",0,0,0,0,0,0,"-161,000","218,000",0,"218,000","322,000","701,000","-379,000","2,711,000"
20180828,0050,元大台灣50,ETF,"8,288,078","2,833","714,613,443",85.95,86.40,85.95,86.25,+,0.7,86.20,7,86.25,43,0.00,"5,212,000",0,"5,212,000",0,0,0,0,0,0,"434,000","680,000",0,"680,000","1,083,000","1,329,000","-246,000","5,646,000"
20180829,0050,元大台灣50,ETF,"13,383,846","4,145","1,164,633,494",86.45,87.35,86.45,87.25,+,1.0,87.20,"1,108",87.25,15,0.00,"10,546,260","2,430,000","8,116,260",0,0,0,"35,000",0,"35,000","723,000","328,000","135,000","193,000","621,000","91,000","530,000","8,874,260"
20180830,0050,元大台灣50,ETF,"9,894,177","3,515","869,371,023",87.80,88.35,87.45,87.55,+,0.3,87.50,59,87.55,26,0.00,"4,978,000","1,898,000","3,080,000",0,0,0,0,"200,000","-200,000","1,334,000","190,000","453,000","-263,000","2,835,000","1,238,000","1,597,000","4,214,000"
20180831,0050,元大台灣50,ETF,"4,245,610","2,097","368,332,289",87.00,87.00,86.45,86.95,-,0.6,86.90,3,86.95,192,0.00,"560,000","457,000","103,000",0,0,0,0,0,0,"51,000","340,000","230,000","110,000","543,000","602,000","-59,000","154,000"
20180903,0050,元大台灣50,ETF,"3,670,077","1,852","318,489,642",86.95,87.20,86.40,86.45,-,0.5,86.45,38,86.50,6,0.00,"700,000","1,008,280","-308,280",0,0,0,0,0,0,"445,000",0,"127,000","-127,000","832,000","260,000","572,000","136,720"
20180904,0050,元大台灣50,ETF,"2,357,725","1,553","204,511,025",86.80,87.00,86.45,87.00,+,0.55,87.00,208,87.05,637,0.00,"876,000","7,000","869,000",0,0,0,0,"570,000","-570,000","329,000",0,0,0,"408,000","79,000","329,000","628,000"
20180905,0050,元大台灣50,ETF,"2,496,308","1,053","217,228,848",87.00,87.30,86.70,87.00, ,0.0,86.95,97,87.00,254,0.00,"910,000","702,000","208,000",0,0,0,0,0,0,"334,000",0,0,0,"839,000","505,000","334,000","542,000"
20180906,0050,元大台灣50,ETF,"1,945,889","1,168","168,384,874",86.90,86.90,86.20,86.50,-,0.5,86.50,75,86.55,190,0.00,"129,010","352,000","-222,990",0,0,0,0,0,0,"-223,000","139,000","48,000","91,000","117,000","431,000","-314,000","-445,990"
20180907,0050,元大台灣50,ETF,"2,505,908","1,256","216,029,254",86.20,86.45,86.00,86.40,-,0.1,86.35,17,86.40,20,0.00,"205,000","609,000","-404,000",0,0,0,"150,000",0,"150,000","-897,000","198,000","293,000","-95,000","61,000","863,000","-802,000","-1,151,000"
20180910,0050,元大台灣50,ETF,"5,319,281","2,224","457,230,691",86.60,86.60,85.65,86.00,-,0.4,85.95,49,86.00,702,0.00,"23,000","1,502,000","-1,479,000",0,0,0,0,0,0,"-2,745,000","7,000","831,000","-824,000","435,000","2,356,000","-1,921,000","-4,224,000"
20180911,0050,元大台灣50,ETF,"19,525,404","7,801","1,672,322,444",85.95,86.00,85.40,85.65,-,0.35,85.60,159,85.65,152,0.00,"15,010","11,667,000","-11,651,990",0,0,0,0,0,0,"-6,191,000","268,000","6,000","262,000","992,000","7,445,000","-6,453,000","-17,842,990"
20180912,0050,元大台灣50,ETF,"18,583,973","7,809","1,588,075,828",85.85,85.90,85.25,85.55,-,0.1,85.50,232,85.55,600,0.00,"728,000","16,453,817","-15,725,817",0,0,0,"645,000",0,"645,000","-328,000","125,000","148,000","-23,000","983,000","1,288,000","-305,000","-15,408,817"
20180913,0050,元大台灣50,ETF,"20,996,200","9,849","1,789,506,288",85.80,85.80,84.90,84.95,-,0.6,84.90,478,84.95,272,0.00,"676,000","18,797,000","-18,121,000",0,0,0,"20,000",0,"20,000","-637,000","430,000","150,000","280,000","200,000","1,117,000","-917,000","-18,738,000"
20180914,0050,元大台灣50,ETF,"8,616,375","3,095","741,763,887",85.75,86.50,85.60,86.50,+,1.55,86.45,89,86.50,254,0.00,"1,305,000","3,360,000","-2,055,000",0,0,0,"280,000",0,"280,000","736,087","337,000","32,000","305,000","923,000","491,913","431,087","-1,038,913"
20180917,0050,元大台灣50,ETF,"8,988,960","2,440","773,023,506",86.50,86.50,85.70,85.85,-,0.65,85.80,98,85.85,220,0.00,"1,049,000","7,506,000","-6,457,000",0,0,0,0,0,0,"1,152,000","622,000","40,000","582,000","1,312,000","742,000","570,000","-5,305,000"
20180918,0050,元大台灣50,ETF,"6,140,571","2,243","524,809,750",85.60,85.70,85.20,85.40,-,0.45,85.35,156,85.40,277,0.00,"901,000","3,977,000","-3,076,000",0,0,0,0,0,0,"889,000","600,000","165,000","435,000","922,000","468,000","454,000","-2,187,000"
20180919,0050,元大台灣50,ETF,"6,881,627","3,226","591,822,766",85.80,86.30,85.70,86.15,+,0.75,86.10,15,86.15,262,0.00,"2,919,000","551,000","2,368,000",0,0,0,"30,000",0,"30,000","-724,000","1,170,000","545,000","625,000","837,000","2,186,000","-1,349,000","1,674,000"
20180920,0050,元大台灣50,ETF,"4,159,776","1,030","357,894,112",86.45,86.55,85.80,85.90,-,0.25,85.90,1,85.95,9,0.00,"653,000","1,982,000","-1,329,000",0,0,0,"200,000",0,"200,000","456,000","695,000","227,000","468,000","654,000","666,000","-12,000","-673,000"
20180921,0050,元大台灣50,ETF,"7,370,439","2,626","636,825,668",86.25,86.85,85.90,86.85,+,0.95,86.80,207,86.85,55,0.00,"2,808,000","229,000","2,579,000",0,0,0,"150,000",0,"150,000","2,803,000","260,000","219,000","41,000","2,957,000","195,000","2,762,000","5,532,000"
20180925,0050,元大台灣50,ETF,"7,506,252","2,984","652,734,924",86.65,87.15,86.60,87.10,+,0.25,87.05,2,87.10,188,0.00,"5,591,000","713,000","4,878,000",0,0,0,0,0,0,"843,000","219,000","8,000","211,000","1,159,000","527,000","632,000","5,721,000"
20180926,0050,元大台灣50,ETF,"8,036,503","2,692","698,254,201",86.90,87.00,86.75,86.90,-,0.2,86.90,406,86.95,895,0.00,"5,826,000","387,000","5,439,000",0,0,0,0,0,0,"348,000","501,000","590,000","-89,000","893,000","456,000","437,000","5,787,000"
20180927,0050,元大台灣50,ETF,"27,800,036","8,114","2,423,747,411",86.60,87.45,86.60,87.35,+,0.45,87.30,259,87.35,197,0.00,"25,986,000","2,544,000","23,442,000",0,0,0,0,0,0,"-243,000","46,000","736,000","-690,000","1,054,000","607,000","447,000","23,199,000"
20180928,0050,元大台灣50,ETF,"13,202,371","4,328","1,151,404,227",87.35,87.65,86.60,86.90,-,0.45,86.90,614,86.95,53,0.00,"6,684,000","24,000","6,660,000",0,0,0,0,"70,000","-70,000","2,413,000","536,000","459,000","77,000","3,864,000","1,528,000","2,336,000","9,003,000"
20181001,0050,元大台灣50,ETF,"5,914,234","2,729","516,131,207",86.90,87.40,86.90,87.35,+,0.45,87.35,382,87.40,728,0.00,"4,823,030","44,000","4,779,030",0,0,0,0,0,0,"204,000","93,000","117,000","-24,000","393,000","165,000","228,000","4,983,030"
20181002,0050,元大台灣50,ETF,"5,434,332","2,466","469,382,289",87.25,87.25,86.00,86.05,-,1.3,86.00,438,86.05,220,0.00,"672,110","896,000","-223,890",0,0,0,"100,000","122,000","-22,000","-568,000","397,000","330,000","67,000","508,000","1,143,000","-635,000","-813,890"
20181003,0050,元大台灣50,ETF,"4,369,690","1,554","375,778,640",86.05,86.30,85.80,85.95,-,0.1,85.95,142,86.00,66,0.00,"1,611,000","2,000","1,609,000",0,0,0,0,"725,000","-725,000","236,000","154,000","901,000","-747,000","1,215,000","232,000","983,000","1,120,000"
20181004,0050,元大台灣50,ETF,"9,736,968","4,230","827,292,110",85.70,85.70,84.80,84.90,-,1.05,84.85,56,84.90,263,0.00,"2,000","4,051,000","-4,049,000",0,0,0,0,"550,000","-550,000","-2,392,000","684,000","1,365,000","-681,000","655,000","2,366,000","-1,711,000","-6,991,000"
20181005,0050,元大台灣50,ETF,"26,744,096","11,367","2,239,942,717",84.50,84.50,83.00,83.45,-,1.45,83.40,318,83.45,94,0.00,"2,243,000","21,810,000","-19,567,000",0,0,0,"40,000",0,"40,000","1,217,000","213,000","411,000","-198,000","2,344,000","929,000","1,415,000","-18,310,000"
20181008,0050,元大台灣50,ETF,"46,523,204","16,777","3,855,479,629",82.95,83.40,82.50,83.00,-,0.45,83.00,45,83.05,"1,096",0.00,"614,000","39,445,000","-38,831,000",0,0,0,"50,000","78,000","-28,000","-3,400,000","167,000","507,000","-340,000","1,486,000","4,546,000","-3,060,000","-42,259,000"
20181009,0050,元大台灣50,ETF,"20,530,897","9,093","1,706,528,887",83.05,83.40,82.80,83.25,+,0.25,83.20,527,83.25,19,0.00,"249,000","16,340,000","-16,091,000",0,0,0,"100,000",0,"100,000","-192,000","678,000","96,000","582,000","1,472,000","2,246,000","-774,000","-16,183,000"
20181011,0050,元大台灣50,ETF,"68,551,624","29,625","5,389,808,235",80.15,80.15,77.35,77.40,-,5.85,77.40,36,77.45,346,0.00,"597,000","48,600,000","-48,003,000",0,0,0,"250,000",0,"250,000","-2,482,000","539,000","1,218,000","-679,000","6,799,000","8,602,000","-1,803,000","-50,235,000"
20181012,0050,元大台灣50,ETF,"23,183,282","11,298","1,825,995,175",77.70,80.05,77.50,80.05,+,2.65,80.05,480,80.10,61,0.00,"2,595,000","7,784,000","-5,189,000",0,0,0,0,"1,500,000","-1,500,000","-1,535,000","66,000","294,000","-228,000","3,227,000","4,534,000","-1,307,000","-8,224,000"
20181015,0050,元大台灣50,ETF,"49,299,658","12,199","3,886,740,002",79.50,79.50,78.65,79.20,-,0.85,79.15,12,79.20,85,0.00,"62,000","41,576,000","-41,514,000",0,0,0,0,0,0,"-2,729,996","363,000","13,000","350,000","2,240,000","5,319,996","-3,079,996","-44,243,996"
20181016,0050,元大台灣50,ETF,"16,686,645","6,313","1,319,117,765",79.00,79.50,78.60,79.30,+,0.1,79.30,564,79.35,14,0.00,"982,000","12,607,000","-11,625,000",0,0,0,0,0,0,"575,000","466,000","111,000","355,000","1,624,000","1,404,000","220,000","-11,050,000"
20181017,0050,元大台灣50,ETF,"20,309,037","8,082","1,623,444,090",80.45,80.50,79.35,79.40,+,0.1,79.35,54,79.40,76,0.00,"3,281,100","12,169,000","-8,887,900",0,0,0,"1,500,000",0,"1,500,000","5,018,427","286,000","965,000","-679,000","7,430,000","1,732,573","5,697,427","-2,369,473"
20181018,0050,元大台灣50,ETF,"7,988,282","3,397","633,217,825",79.50,79.75,78.95,79.15,-,0.25,79.10,245,79.15,1,0.00,"793,100","5,006,000","-4,212,900",0,0,0,"9,000",0,"9,000","255,000","378,000","19,000","359,000","1,127,000","1,231,000","-104,000","-3,948,900"
20181019,0050,元大台灣50,ETF,"12,064,036","3,531","948,108,881",78.20,79.30,78.00,79.30,+,0.15,79.25,14,79.30,476,0.00,"2,133,000","7,123,000","-4,990,000",0,0,0,0,0,0,"2,328,000","587,000","555,000","32,000","3,668,000","1,372,000","2,296,000","-2,662,000"
20181022,0050,元大台灣50,ETF,"12,453,453","3,464","979,040,928",78.35,79.55,78.00,79.20,-,0.1,79.15,335,79.20,17,0.00,"1,144,050","7,266,000","-6,121,950",0,0,0,0,0,0,"-61,000","483,000","650,000","-167,000","2,535,000","2,429,000","106,000","-6,182,950"
20181023,0050,元大台灣50,ETF,"24,898,392","8,141","1,943,501,426",78.10,78.60,77.70,77.75,-,1.45,77.70,463,77.75,201,0.00,"822,050","17,287,000","-16,464,950",0,0,0,0,0,0,"-4,080,000","221,000","126,000","95,000","484,000","4,659,000","-4,175,000","-20,544,950"
20181024,0050,元大台灣50,ETF,"13,002,500","5,533","1,004,568,676",77.80,77.95,76.70,77.40,-,0.35,77.40,40,77.45,206,0.00,"1,583,000","3,843,000","-2,260,000",0,0,0,"100,000","2,330,000","-2,230,000","579,000","270,000","395,000","-125,000","2,425,000","1,721,000","704,000","-3,911,000"
20181025,0050,元大台灣50,ETF,"28,935,886","7,121","2,190,854,586",75.50,76.20,75.30,75.50,-,1.9,75.50,"1,186",75.55,55,0.00,"107,000","15,921,000","-15,814,000",0,0,0,0,0,0,"-5,851,000",0,"250,000","-250,000","1,166,000","6,767,000","-5,601,000","-21,665,000"
20181026,0050,元大台灣50,ETF,"17,783,781","6,911","1,338,505,238",76.25,76.45,74.50,75.40,-,0.1,75.35,11,75.40,381,0.00,"421,000","8,736,000","-8,315,000",0,0,0,0,"350,000","-350,000","-2,075,552",0,"49,000","-49,000","1,533,000","3,559,552","-2,026,552","-10,740,552"
20181029,0050,元大台灣50,ETF,"9,883,260","3,121","747,884,213",75.85,76.10,75.35,75.75,+,0.35,75.75,12,75.80,269,0.00,"415,000","3,488,110","-3,073,110",0,0,0,0,0,0,"-2,056,998","26,000",0,"26,000","1,962,000","4,044,998","-2,082,998","-5,130,108"
20181030,0050,元大台灣50,ETF,"6,119,050","2,313","464,489,618",75.80,76.25,75.50,75.95,+,0.2,75.95,53,76.00,246,0.00,"33,000","1,782,000","-1,749,000",0,0,0,"100,000",0,"100,000","-128,000","292,000","106,000","186,000","1,747,000","2,061,000","-314,000","-1,777,000"
20181031,0050,元大台灣50,ETF,"9,898,224","4,310","764,366,541",76.60,77.55,76.60,77.55,+,1.6,77.55,134,77.60,108,0.00,"1,138,000","3,066,000","-1,928,000",0,0,0,0,0,0,"159,000","334,000","85,000","249,000","1,187,000","1,277,000","-90,000","-1,769,000"
20181101,0050,元大台灣50,ETF,"6,807,294","3,048","532,547,148",77.85,78.45,77.55,78.40,+,0.85,78.35,29,78.40,76,0.00,"1,035,000","393,000","642,000",0,0,0,0,0,0,"267,000","246,000","291,000","-45,000","1,196,000","884,000","312,000","909,000"
20181102,0050,元大台灣50,ETF,"6,722,329","3,073","527,356,465",78.40,78.80,78.00,78.65,+,0.25,78.65,28,78.70,88,0.00,"774,000","752,000","22,000",0,0,0,0,0,0,"216,000","426,000","621,000","-195,000","1,906,000","1,495,000","411,000","238,000"
20181105,0050,元大台灣50,ETF,"4,657,750","2,195","363,054,360",78.10,78.25,77.60,78.25,-,0.4,78.25,331,78.30,33,0.00,"167,000","310,000","-143,000",0,0,0,0,0,0,"-305,000","275,000","976,000","-701,000","1,212,000","816,000","396,000","-448,000"
20181106,0050,元大台灣50,ETF,"6,206,482","2,046","483,978,162",78.45,78.50,77.75,78.00,-,0.25,77.95,2,78.00,462,0.00,"376,000","1,627,000","-1,251,000",0,0,0,0,0,0,"-1,528,000","50,000","155,000","-105,000","520,000","1,943,000","-1,423,000","-2,779,000"
20181107,0050,元大台灣50,ETF,"6,194,750","2,594","485,644,361",78.20,78.55,78.05,78.40,+,0.4,78.35,8,78.40,87,0.00,"56,000","508,000","-452,000",0,0,0,0,0,0,"3,108,000","37,000","32,000","5,000","3,791,000","688,000","3,103,000","2,656,000"
20181108,0050,元大台灣50,ETF,"10,309,985","3,816","813,484,895",79.15,79.40,78.50,78.85,+,0.45,78.80,18,78.85,566,0.00,"944,000","149,000","795,000",0,0,0,"875,000",0,"875,000","-329,000","267,000","357,000","-90,000","1,681,000","1,920,000","-239,000","1,341,000"
20181109,0050,元大台灣50,ETF,"36,848,011","2,930","2,867,181,167",78.50,78.50,77.65,77.80,-,1.05,77.80,"2,722",77.85,454,0.00,"100,000","23,386,000","-23,286,000",0,0,0,"1,125,000",0,"1,125,000","-9,916,000","176,000","292,000","-116,000","897,000","10,697,000","-9,800,000","-32,077,000"
20181112,0050,元大台灣50,ETF,"6,133,260","1,628","478,405,835",77.75,78.30,77.55,78.00,+,0.2,78.00,"1,698",78.05,663,0.00,"50,000","954,000","-904,000",0,0,0,"1,130,000",0,"1,130,000","-86,000",0,"128,000","-128,000","1,946,000","1,904,000","42,000","140,000"
20181113,0050,元大台灣50,ETF,"10,711,869","3,762","819,374,746",76.15,77.25,75.70,77.10,-,0.9,77.10,16,77.15,211,0.00,"1,156,000","5,789,000","-4,633,000",0,0,0,0,"310,000","-310,000","-481,000","6,000","396,000","-390,000","1,577,000","1,668,000","-91,000","-5,424,000"
20181114,0050,元大台灣50,ETF,"6,293,375","1,626","486,228,774",77.25,77.40,77.00,77.35,+,0.25,77.30,27,77.35,77,0.00,"759,000","3,061,000","-2,302,000",0,0,0,0,"1,130,000","-1,130,000","-383,000",0,0,0,"614,000","997,000","-383,000","-3,815,000"
20181115,0050,元大台灣50,ETF,"5,694,368","1,247","440,513,236",77.50,77.65,76.75,77.60,+,0.25,77.55,5,77.60,212,0.00,"187,000","1,907,000","-1,720,000",0,0,0,0,"1,100,000","-1,100,000","-969,000",0,0,0,"757,000","1,726,000","-969,000","-3,789,000"
20181116,0050,元大台灣50,ETF,"8,883,904","2,331","685,298,620",77.95,77.95,76.85,76.95,-,0.65,76.90,23,76.95,259,0.00,"1,249,000","6,060,000","-4,811,000",0,0,0,0,0,0,"-1,655,000","10,000","30,000","-20,000","561,000","2,196,000","-1,635,000","-6,466,000"
20181119,0050,元大台灣50,ETF,"7,058,370","1,672","541,993,834",77.05,77.15,76.60,76.70,-,0.25,76.70,120,76.75,12,0.00,"271,000","2,904,000","-2,633,000",0,0,0,0,0,0,"-2,630,000",0,0,0,"579,000","3,209,000","-2,630,000","-5,263,000"
20181120,0050,元大台灣50,ETF,"8,625,123","3,297","656,617,939",76.40,76.50,75.75,76.00,-,0.7,76.00,14,76.05,44,0.00,"251,000","3,010,000","-2,759,000",0,0,0,0,"600,000","-600,000","-3,326,000",0,0,0,"421,000","3,747,000","-3,326,000","-6,685,000"
20181121,0050,元大台灣50,ETF,"15,125,043","3,739","1,143,349,727",75.30,76.05,74.85,76.00, ,0.0,75.95,41,76.00,374,0.00,"4,308,000","5,810,970","-1,502,970",0,0,0,0,"1,100,000","-1,100,000","-5,354,000",0,"15,000","-15,000","1,181,000","6,520,000","-5,339,000","-7,956,970"
20181122,0050,元大台灣50,ETF,"5,934,803","2,029","450,631,578",76.10,76.25,75.60,75.60,-,0.4,75.60,252,75.65,7,0.00,"1,100","4,399,000","-4,397,900",0,0,0,0,0,0,"-331,000",0,0,0,"257,000","588,000","-331,000","-4,728,900"
20181123,0050,元大台灣50,ETF,"4,041,215","2,078","304,440,003",75.70,75.85,75.05,75.35,-,0.25,75.30,168,75.35,93,0.00,"2,000","930,000","-928,000",0,0,0,0,0,0,"-51,000","36,000","125,000","-89,000","1,030,000","992,000","38,000","-979,000"
20181126,0050,元大台灣50,ETF,"6,330,267","2,266","483,137,195",75.90,76.95,75.75,76.15,+,0.8,76.15,105,76.20,105,0.00,"1,056,000","988,000","68,000",0,0,0,0,0,0,"996,000","498,000","69,000","429,000","2,451,000","1,884,000","567,000","1,064,000"
20181127,0050,元大台灣50,ETF,"7,625,933","2,519","576,522,804",75.95,76.05,75.20,76.05,-,0.1,76.00,34,76.05,368,0.00,"937,000","5,891,000","-4,954,000",0,0,0,0,0,0,"209,000","103,000","250,000","-147,000","758,000","402,000","356,000","-4,745,000"
20181128,0050,元大台灣50,ETF,"7,549,760","2,641","577,452,117",76.15,76.95,75.75,76.90,+,0.85,76.90,217,76.95,188,0.00,"2,028,000","2,117,000","-89,000",0,0,0,0,0,0,"327,000","210,000","46,000","164,000","1,627,000","1,464,000","163,000","238,000"
20181129,0050,元大台灣50,ETF,"8,881,587","2,527","687,927,261",77.70,77.95,77.05,77.05,+,0.15,77.00,145,77.05,40,0.00,"688,000","2,276,000","-1,588,000",0,0,0,"617,000","400,000","217,000","-643,000","791,000",0,"791,000","1,155,000","2,589,000","-1,434,000","-2,014,000"
20181130,0050,元大台灣50,ETF,"4,210,211","1,670","324,711,501",77.20,77.35,76.75,76.75,-,0.3,76.70,21,76.75,450,0.00,"320,000","1,235,000","-915,000",0,0,0,"1,143,000",0,"1,143,000","-539,000","163,000","190,000","-27,000","542,000","1,054,000","-512,000","-311,000"
20181203,0050,元大台灣50,ETF,"13,850,986","7,537","1,088,593,094",77.85,79.00,77.80,78.80,+,2.05,78.80,570,78.85,9,0.00,"5,010,553","630,000","4,380,553",0,0,0,"1,288,000","80,000","1,208,000","2,396,000","1,421,000","311,000","1,110,000","1,741,000","455,000","1,286,000","7,984,553"
20181204,0050,元大台灣50,ETF,"4,118,284","1,960","322,426,648",78.50,78.50,78.10,78.25,-,0.55,78.25,34,78.30,161,0.00,"202,000","448,000","-246,000",0,0,0,"1,075,000",0,"1,075,000","-14,000","259,000","206,000","53,000","549,000","616,000","-67,000","815,000"
20181205,0050,元大台灣50,ETF,"9,636,366","3,602","740,544,550",77.10,77.20,76.65,76.65,-,1.6,76.65,745,76.70,23,0.00,"194,500","2,905,000","-2,710,500",0,0,0,0,0,0,"-3,016,000","457,000","1,237,000","-780,000","807,000","3,043,000","-2,236,000","-5,726,500"
20181206,0050,元大台灣50,ETF,"20,347,421","10,519","1,529,965,270",75.85,75.85,74.85,75.10,-,1.55,75.10,88,75.15,637,0.00,"261,000","13,240,000","-12,979,000",0,0,0,0,0,0,"-4,672,000","31,000","723,000","-692,000","760,000","4,740,000","-3,980,000","-17,651,000"
20181207,0050,元大台灣50,ETF,"6,781,008","4,623","512,288,502",75.60,75.75,75.30,75.45,+,0.35,75.45,42,75.50,235,0.00,"19,260","1,155,000","-1,135,740",0,0,0,0,"2,171,000","-2,171,000","6,000",0,"5,000","-5,000","1,533,000","1,522,000","11,000","-3,300,740"
20181210,0050,元大台灣50,ETF,"13,013,284","5,810","970,567,677",74.50,74.90,74.45,74.45,-,1.0,74.45,645,74.50,8,0.00,"114,000","6,189,000","-6,075,000",0,0,0,0,"1,157,000","-1,157,000","-3,826,002","40,000","90,000","-50,000","210,000","3,986,002","-3,776,002","-11,058,002"
20181211,0050,元大台灣50,ETF,"5,316,228","2,808","397,657,901",74.50,75.10,74.45,75.05,+,0.6,75.00,61,75.05,151,0.00,"93,000","3,266,000","-3,173,000",0,0,0,0,0,0,"333,000",0,0,0,"1,059,000","726,000","333,000","-2,840,000"
20181212,0050,元大台灣50,ETF,"8,677,695","3,377","658,099,872",75.65,76.25,75.40,76.20,+,1.15,76.15,64,76.20,434,0.00,"1,280,000","479,000","801,000",0,0,0,0,0,0,"-1,472,463","248,000","14,000","234,000","1,087,000","2,793,463","-1,706,463","-671,463"
20181213,0050,元大台灣50,ETF,"6,253,580","2,176","476,968,419",76.20,76.50,75.95,76.30,+,0.1,76.25,102,76.30,540,0.00,"164,000","1,151,000","-987,000",0,0,0,"10,000",0,"10,000","-863,000","554,000","180,000","374,000","778,000","2,015,000","-1,237,000","-1,840,000"
20181214,0050,元大台灣50,ETF,"8,780,839","3,141","660,320,971",75.80,75.80,74.95,75.35,-,0.95,75.35,44,75.40,62,0.00,"33,947","3,998,000","-3,964,053",0,0,0,0,0,0,"-1,553,000","191,000","27,000","164,000","724,000","2,441,000","-1,717,000","-5,517,053"
20181217,0050,元大台灣50,ETF,"5,652,433","2,331","428,269,261",75.35,76.05,75.15,75.95,+,0.6,75.90,42,75.95,308,0.00,"209,000","538,000","-329,000",0,0,0,0,0,0,"-800,000","1,000","770,000","-769,000","1,042,000","1,073,000","-31,000","-1,129,000"
20181218,0050,元大台灣50,ETF,"7,669,001","2,456","577,586,400",75.50,75.55,75.05,75.30,-,0.65,75.25,69,75.30,312,0.00,"1,000","3,123,000","-3,122,000",0,0,0,0,0,0,"-2,262,000","101,000","127,000","-26,000","838,000","3,074,000","-2,236,000","-5,384,000"
20181219,0050,元大台灣50,ETF,"4,497,460","2,646","340,689,657",75.50,75.95,75.35,75.90,+,0.6,75.85,31,75.90,253,0.00,"2,977,000",0,"2,977,000",0,0,0,0,0,0,"418,000",0,"1,000","-1,000","814,000","395,000","419,000","3,395,000"
20181220,0050,元大台灣50,ETF,"9,561,713","5,731","718,960,366",75.00,75.55,75.00,75.05,-,0.85,75.05,43,75.10,6,0.00,"18,999","5,473,000","-5,454,001",0,0,0,0,0,0,"-1,459,000","102,000","2,000","100,000","665,000","2,224,000","-1,559,000","-6,913,001"
20181221,0050,元大台灣50,ETF,"8,481,143","2,776","634,702,156",74.95,75.25,74.45,75.20,+,0.15,75.15,18,75.20,192,0.00,"138,000","3,133,400","-2,995,400",0,0,0,0,0,0,"-3,032,000","13,000","28,000","-15,000","494,000","3,511,000","-3,017,000","-6,027,400"
20181224,0050,元大台灣50,ETF,"5,952,329","4,513","444,475,204",74.85,75.00,74.55,74.70,-,0.15,74.65,60,74.70,117,0.00,"3,000","4,731,000","-4,728,000",0,0,0,0,"10,000","-10,000","23,000",0,"2,000","-2,000","107,000","82,000","25,000","-4,715,000"
20181225,0050,元大台灣50,ETF,"12,071,254","5,738","888,095,346",74.15,74.15,73.30,73.75,-,0.95,73.75,118,73.80,17,0.00,"16,000","8,479,000","-8,463,000",0,0,0,0,"68,000","-68,000","-1,616,000","10,000","10,000",0,"135,000","1,751,000","-1,616,000","-10,147,000"
20181226,0050,元大台灣50,ETF,"8,919,969","3,788","658,916,682",74.00,74.30,73.50,73.55,-,0.2,73.55,31,73.60,56,0.00,"361,000","6,896,000","-6,535,000",0,0,0,0,0,0,"-19,000","20,000",0,"20,000","569,000","608,000","-39,000","-6,554,000"
20181227,0050,元大台灣50,ETF,"9,615,359","5,522","719,358,543",74.80,75.15,74.50,75.05,+,1.5,75.00,16,75.05,84,0.00,0,"2,955,400","-2,955,400",0,0,0,"1,153,000",0,"1,153,000","2,033,000",0,0,0,"2,946,000","913,000","2,033,000","230,600"
20181228,0050,元大台灣50,ETF,"4,629,875","2,008","348,222,242",75.10,75.50,74.85,75.50,+,0.45,75.50,714,75.55,156,0.00,"90,000","1,400","88,600",0,0,0,0,0,0,"1,368,000","512,000","44,000","468,000","1,499,000","599,000","900,000","1,456,600"
20190102,0050,元大台灣50,ETF,"8,532,073","4,102","636,107,101",75.85,75.90,73.95,74.05,-,1.45,74.05,12,74.10,6,0.00,"245,000","4,535,000","-4,290,000",0,0,0,0,0,0,"-1,391,000","291,000","125,000","166,000","384,000","1,941,000","-1,557,000","-5,681,000"
20190103,0050,元大台灣50,ETF,"13,347,147","5,208","981,181,870",73.80,74.00,73.25,73.35,-,0.7,73.35,129,73.40,6,0.00,"105,000","7,525,000","-7,420,000",0,0,0,"300,000",0,"300,000","-2,434,000",0,"524,000","-524,000","1,664,000","3,574,000","-1,910,000","-9,554,000"
20190104,0050,元大台灣50,ETF,"21,292,465","8,826","1,540,084,560",72.80,72.80,72.00,72.20,-,1.15,72.15,31,72.20,462,0.00,"65,000","10,810,000","-10,745,000",0,0,0,0,"10,000","-10,000","-2,988,000","569,000",0,"569,000","3,885,000","7,442,000","-3,557,000","-13,743,000"
20190107,0050,元大台灣50,ETF,"14,605,638","4,891","1,077,319,115",73.55,74.05,73.25,73.95,+,1.75,73.90,487,73.95,36,0.00,"141,000","942,000","-801,000",0,0,0,0,0,0,"-3,625,000","257,000","310,000","-53,000","2,390,000","5,962,000","-3,572,000","-4,426,000"
20190108,0050,元大台灣50,ETF,"11,006,700","2,869","811,364,720",74.15,74.15,73.55,73.65,-,0.3,73.65,13,73.70,8,0.00,"5,000","6,521,000","-6,516,000",0,0,0,0,0,0,"331,000","930,000","160,000","770,000","2,172,000","2,611,000","-439,000","-6,185,000"
20190109,0050,元大台灣50,ETF,"11,430,523","5,277","855,269,355",73.95,75.15,73.95,75.00,+,1.35,74.95,19,75.00,156,0.00,"1,101,000","774,000","327,000",0,0,0,0,0,0,"6,177,000","604,000","102,000","502,000","5,994,000","319,000","5,675,000","6,504,000"
20190110,0050,元大台灣50,ETF,"2,823,283","1,231","210,937,625",74.80,74.90,74.50,74.80,-,0.2,74.80,47,74.85,878,0.00,"65,000","247,000","-182,000",0,0,0,0,0,0,"400,000","1,000","25,000","-24,000","887,000","463,000","424,000","218,000"
20190111,0050,元大台灣50,ETF,"10,362,915","3,660","782,200,792",75.30,75.75,75.15,75.50,+,0.7,75.50,928,75.55,213,0.00,"4,617,050","128,000","4,489,050",0,0,0,0,0,0,"3,648,000","687,000","75,000","612,000","3,890,000","854,000","3,036,000","8,137,050"
20190114,0050,元大台灣50,ETF,"5,298,405","2,018","397,504,723",75.45,75.45,74.75,75.00,-,0.5,74.95,10,75.00,"4,350",0.00,"1,951,000","718,000","1,233,000",0,0,0,0,"3,000","-3,000","85,000","35,000","141,000","-106,000","889,000","698,000","191,000","1,315,000"
20190115,0050,元大台灣50,ETF,"11,836,450","5,250","894,286,699",75.05,75.80,75.05,75.65,+,0.65,75.60,492,75.65,1,0.00,"3,016,000","754,000","2,262,000",0,0,0,0,"1,200,000","-1,200,000","4,527,000","2,672,000","110,000","2,562,000","2,634,000","669,000","1,965,000","5,589,000"
20190116,0050,元大台灣50,ETF,"15,342,503","5,360","1,159,613,447",75.65,75.70,75.35,75.55,-,0.1,75.50,52,75.55,861,0.00,"8,458,000","2,185,000","6,273,000",0,0,0,"52,000",0,"52,000","-1,070,000","2,792,000","730,000","2,062,000","1,730,000","4,862,000","-3,132,000","5,255,000"
20190117,0050,元大台灣50,ETF,"10,020,739","3,137","756,877,394",75.60,75.90,75.15,75.55, ,0.0,75.55,7,75.60,55,0.00,"476,000","247,000","229,000",0,0,0,"25,000",0,"25,000","4,500,000","1,872,000","200,000","1,672,000","3,993,000","1,165,000","2,828,000","4,754,000"
20190118,0050,元大台灣50,ETF,"8,293,491","5,013","629,378,860",75.75,76.10,75.40,75.95,+,0.4,75.95,53,76.00,39,0.00,"3,503,000","703,000","2,800,000",0,0,0,"19,000",0,"19,000","1,295,000","751,000","350,000","401,000","1,957,000","1,063,000","894,000","4,114,000"
20190121,0050,元大台灣50,ETF,"10,454,756","3,895","799,923,534",76.35,76.70,76.25,76.50,+,0.55,76.50,238,76.55,"1,004",0.00,"3,315,999","1,543,000","1,772,999",0,0,0,"10,000",0,"10,000","1,730,000","1,103,000","786,000","317,000","2,417,000","1,004,000","1,413,000","3,512,999"
20190122,0050,元大台灣50,ETF,"8,838,931","4,742","653,814,320",74.40,74.40,73.80,74.05,X,0.0,74.00,176,74.05,8,0.00,"9,000","727,000","-718,000",0,0,0,0,"507,000","-507,000","-5,714,000","69,000","842,000","-773,000","105,000","5,046,000","-4,941,000","-6,939,000"
20190123,0050,元大台灣50,ETF,"6,407,442","3,167","472,728,408",74.00,74.00,73.65,73.70,-,0.35,73.70,36,73.75,160,0.00,"458,000","1,170,000","-712,000",0,0,0,0,"415,000","-415,000","-505,000","1,060,000","303,000","757,000","346,000","1,608,000","-1,262,000","-1,632,000"
20190124,0050,元大台灣50,ETF,"3,500,506","1,363","258,832,935",73.95,74.15,73.75,74.05,+,0.35,74.00,22,74.05,70,0.00,"252,000","673,000","-421,000",0,0,0,0,0,0,"-208,000","270,000","20,000","250,000","688,000","1,146,000","-458,000","-629,000"
20190125,0050,元大台灣50,ETF,"7,320,778","3,322","548,115,919",74.60,75.10,74.55,75.00,+,0.95,74.95,39,75.00,59,0.00,"884,000","2,000","882,000",0,0,0,0,"5,000","-5,000","4,277,000","1,557,000","123,000","1,434,000","2,895,000","52,000","2,843,000","5,154,000"
20190128,0050,元大台灣50,ETF,"3,825,143","1,795","287,814,225",75.15,75.45,75.05,75.15,+,0.15,75.10,282,75.15,6,0.00,"401,200","40,000","361,200",0,0,0,0,0,0,"337,000","606,000","346,000","260,000","910,000","833,000","77,000","698,200"
20190129,0050,元大台灣50,ETF,"4,419,790","2,251","328,663,492",74.50,74.55,74.20,74.50,-,0.65,74.45,16,74.50,285,0.00,"310,000","817,000","-507,000",0,0,0,0,"10,000","-10,000","-934,000","383,000","130,000","253,000","520,000","1,707,000","-1,187,000","-1,451,000"
20190130,0050,元大台灣50,ETF,"5,255,229","1,833","390,864,071",74.50,74.65,74.20,74.35,-,0.15,74.35,191,74.40,223,0.00,"10,000","90,000","-80,000",0,0,0,0,"20,000","-20,000","-2,186,000","796,000","669,000","127,000","520,000","2,833,000","-2,313,000","-2,286,000"
20190211,0050,元大台灣50,ETF,"6,614,900","3,137","497,844,612",75.35,75.65,74.85,75.15,+,0.8,75.10,66,75.15,454,0.00,"521,000","323,000","198,000",0,0,0,0,0,0,"3,392,000","703,000","180,000","523,000","3,284,000","415,000","2,869,000","3,590,000"
20190212,0050,元大台灣50,ETF,"6,164,150","2,980","465,816,739",75.35,75.75,75.35,75.65,+,0.5,75.65,119,75.70,115,0.00,"1,059,000","16,000","1,043,000",0,0,0,0,0,0,"2,980,000","441,000","125,000","316,000","2,946,000","282,000","2,664,000","4,023,000"
20190213,0050,元大台灣50,ETF,"4,157,700","1,837","314,193,830",75.95,75.95,75.40,75.50,-,0.15,75.50,20,75.55,55,0.00,"546,000","10,000","536,000",0,0,0,0,0,0,"244,000","20,000","391,000","-371,000","1,439,000","824,000","615,000","780,000"
20190214,0050,元大台灣50,ETF,"3,641,542","1,593","274,887,735",75.50,75.75,75.25,75.25,-,0.25,75.25,13,75.30,17,0.00,"139,000","20,000","119,000",0,0,0,0,0,0,"117,000","10,000","524,000","-514,000","1,548,000","917,000","631,000","236,000"
20190215,0050,元大台灣50,ETF,"3,516,111","1,796","264,409,753",75.30,75.60,74.90,75.05,-,0.2,75.00,410,75.05,34,0.00,"427,000","648,000","-221,000",0,0,0,0,0,0,"-61,000","120,000","707,000","-587,000","1,200,000","674,000","526,000","-282,000"
20190218,0050,元大台灣50,ETF,"6,596,163","3,143","499,575,240",75.50,75.90,75.50,75.65,+,0.6,75.65,424,75.70,16,0.00,"1,367,000","14,000","1,353,000",0,0,0,0,0,0,"3,573,000","400,000","15,000","385,000","3,250,000","62,000","3,188,000","4,926,000"
20190219,0050,元大台灣50,ETF,"2,862,069","2,168","216,303,714",75.70,75.70,75.50,75.50,-,0.15,75.50,215,75.55,4,0.00,"766,000","1,092,000","-326,000",0,0,0,0,0,0,"686,000","320,000","186,000","134,000","614,000","62,000","552,000","360,000"
20190220,0050,元大台灣50,ETF,"34,307,853","9,607","2,619,961,938",75.90,76.50,75.90,76.35,+,0.85,76.35,83,76.40,131,0.00,"23,842,999","3,278,000","20,564,999",0,0,0,0,0,0,"5,067,000","1,679,000","1,376,000","303,000","6,565,000","1,801,000","4,764,000","25,631,999"
20190221,0050,元大台灣50,ETF,"18,664,815","4,467","1,433,791,393",76.40,77.10,76.40,77.10,+,0.75,77.05,539,77.10,201,0.00,"15,677,000","47,000","15,630,000",0,0,0,0,0,0,"-1,669,006","279,000","1,132,000","-853,000","582,994","1,399,000","-816,006","13,960,994"
20190222,0050,元大台灣50,ETF,"9,881,017","6,936","758,887,009",76.95,76.95,76.50,76.95,-,0.15,76.95,585,77.00,314,0.00,"6,110,000","16,000","6,094,000",0,0,0,0,0,0,"1,978,000","151,000","75,000","76,000","2,344,000","442,000","1,902,000","8,072,000"
20190225,0050,元大台灣50,ETF,"19,365,354","4,458","1,501,862,131",77.35,77.75,77.30,77.50,+,0.55,77.50,"1,565",77.55,39,0.00,"14,679,000","57,000","14,622,000",0,0,0,"500,000",0,"500,000","-188,000","164,000","793,000","-629,000","1,769,000","1,328,000","441,000","14,934,000"
20190226,0050,元大台灣50,ETF,"15,903,051","5,707","1,234,156,605",77.65,77.80,77.30,77.70,+,0.2,77.65,5,77.70,"1,347",0.00,"12,216,500","439,000","11,777,500",0,0,0,0,"106,000","-106,000","797,000","474,000","40,000","434,000","1,074,000","711,000","363,000","12,468,500"
20190227,0050,元大台灣50,ETF,"12,907,489","3,460","1,000,792,293",77.70,77.70,77.35,77.65,-,0.05,77.65,116,77.70,"2,022",0.00,"11,388,000","1,691,000","9,697,000",0,0,0,0,0,0,"-748,000","244,000","710,000","-466,000","263,000","545,000","-282,000","8,949,000"
20190304,0050,元大台灣50,ETF,"8,469,570","4,887","652,787,218",77.55,77.55,76.70,76.95,-,0.7,76.95,53,77.00,377,0.00,"4,591,000","4,575,000","16,000",0,0,0,0,0,0,"-965,950","40,000","296,000","-256,000","994,000","1,703,950","-709,950","-949,950"
20190305,0050,元大台灣50,ETF,"9,400,493","2,830","720,525,122",76.60,76.90,76.45,76.75,-,0.2,76.70,5,76.75,935,0.00,"6,561,000","315,000","6,246,000",0,0,0,0,0,0,"373,317",0,"471,000","-471,000","1,130,000","285,683","844,317","6,619,317"
20190306,0050,元大台灣50,ETF,"19,579,792","3,193","1,505,450,934",76.85,77.05,76.75,76.95,+,0.2,76.90,7,76.95,54,0.00,"16,467,000","64,000","16,403,000",0,0,0,"70,000","500,000","-430,000","-3,041,000",0,"3,781,000","-3,781,000","1,446,000","706,000","740,000","12,932,000"
20190307,0050,元大台灣50,ETF,"18,239,770","1,946","1,399,918,017",76.90,77.05,76.60,76.65,-,0.3,76.65,527,76.70,430,0.00,"11,916,000","326,000","11,590,000",0,0,0,0,0,0,"2,271,000","10,000","125,000","-115,000","4,594,000","2,208,000","2,386,000","13,861,000"
20190308,0050,元大台灣50,ETF,"9,975,200","2,853","758,523,703",76.20,76.35,75.80,76.00,-,0.65,75.95,289,76.00,366,0.00,"4,042,000","1,491,000","2,551,000",0,0,0,0,0,0,"575,000","290,000","365,000","-75,000","1,563,000","913,000","650,000","3,126,000"
20190311,0050,元大台灣50,ETF,"4,642,390","2,280","352,680,831",75.85,76.15,75.70,76.15,+,0.15,76.10,31,76.15,708,0.00,"1,146,000","330,000","816,000",0,0,0,0,0,0,"-812,932","170,000","810,000","-640,000","791,000","963,932","-172,932","3,068"
20190312,0050,元大台灣50,ETF,"13,857,468","3,796","1,070,170,012",76.85,77.45,76.80,77.25,+,1.1,77.20,21,77.25,611,0.00,"10,233,000","33,000","10,200,000",0,0,0,0,0,0,"1,413,000","782,000","23,000","759,000","1,403,000","749,000","654,000","11,613,000"
20190313,0050,元大台灣50,ETF,"10,148,529","1,763","781,685,019",77.05,77.20,76.80,77.10,-,0.15,77.10,61,77.15,40,0.00,"7,045,000","104,000","6,941,000",0,0,0,0,0,0,"284,000","12,000","375,000","-363,000","1,519,000","872,000","647,000","7,225,000"
20190314,0050,元大台灣50,ETF,"5,208,756","1,343","402,155,617",77.30,77.40,76.95,77.05,-,0.05,77.05,514,77.10,"1,049",0.00,"2,844,200","310,000","2,534,200",0,0,0,0,0,0,"-523,000","589,000",0,"589,000","346,000","1,458,000","-1,112,000","2,011,200"
20190315,0050,元大台灣50,ETF,"11,483,751","3,164","890,275,774",77.35,77.70,77.15,77.60,+,0.55,77.55,161,77.60,667,0.00,"7,121,000","63,000","7,058,000",0,0,0,0,0,0,"3,318,000","600,000","43,000","557,000","2,840,000","79,000","2,761,000","10,376,000"
20190318,0050,元大台灣50,ETF,"12,218,708","4,228","952,368,177",77.75,78.10,77.65,78.10,+,0.5,78.05,395,78.10,319,0.00,"8,820,025","163,000","8,657,025",0,0,0,0,0,0,"102,000","253,000","15,000","238,000","963,000","1,099,000","-136,000","8,759,025"
20190319,0050,元大台灣50,ETF,"8,604,296","2,634","672,547,372",78.10,78.40,77.85,78.40,+,0.3,78.35,1,78.40,913,0.00,"7,158,000","21,000","7,137,000",0,0,0,0,"39,000","-39,000","-2,052,000","328,000","70,000","258,000","169,000","2,479,000","-2,310,000","5,046,000"
20190320,0050,元大台灣50,ETF,"11,856,027","4,868","929,902,949",78.35,78.55,78.20,78.50,+,0.1,78.45,454,78.50,116,0.00,"9,838,000","457,000","9,381,000",0,0,0,0,"140,000","-140,000","-5,784,000",0,"1,750,000","-1,750,000","519,000","4,553,000","-4,034,000","3,457,000"
20190321,0050,元大台灣50,ETF,"11,341,213","3,766","894,798,086",78.80,79.15,78.65,79.15,+,0.65,79.10,15,79.15,428,0.00,"9,399,000","5,000","9,394,000",0,0,0,0,"100,000","-100,000","-287,000",0,"80,000","-80,000","817,000","1,024,000","-207,000","9,007,000"
20190322,0050,元大台灣50,ETF,"6,930,357","2,993","550,253,696",79.50,79.70,79.05,79.35,+,0.2,79.35,59,79.40,136,0.00,"4,300,000","1,000","4,299,000",0,0,0,0,0,0,"25,000","100,000","60,000","40,000","817,000","832,000","-15,000","4,324,000"
20190325,0050,元大台灣50,ETF,"7,020,756","2,790","548,329,150",78.10,78.35,78.00,78.15,-,1.2,78.15,123,78.20,496,0.00,"1,370,000","162,000","1,208,000",0,0,0,0,0,0,"-2,485,000","20,000","1,439,000","-1,419,000","1,012,000","2,078,000","-1,066,000","-1,277,000"
20190326,0050,元大台灣50,ETF,"2,700,090","1,328","212,178,105",78.50,78.70,78.40,78.65,+,0.5,78.60,385,78.65,40,0.00,"218,000","12,000","206,000",0,0,0,0,0,0,"566,000","434,000","50,000","384,000","830,000","648,000","182,000","772,000"
20190327,0050,元大台灣50,ETF,"2,555,684",959,"200,669,301",78.45,78.70,78.20,78.50,-,0.15,78.50,659,78.55,2,0.00,"919,300","447,000","472,300",0,0,0,0,0,0,"-329,000",0,"215,000","-215,000","644,000","758,000","-114,000","143,300"
20190328,0050,元大台灣50,ETF,"3,415,432",977,"267,952,933",78.30,78.60,78.15,78.50, ,0.0,78.50,12,78.55,683,0.00,"2,214,000","45,000","2,169,000",0,0,0,0,0,0,"-905,000","100,000","10,000","90,000","291,000","1,286,000","-995,000","1,264,000"
20190329,0050,元大台灣50,ETF,"5,680,484","1,629","448,318,722",78.70,79.15,78.25,79.15,+,0.65,79.15,"1,311",79.20,108,0.00,"2,364,350","1,445,000","919,350",0,0,0,0,0,0,"1,635,000","105,000",0,"105,000","2,129,000","599,000","1,530,000","2,554,350"
20190401,0050,元大台灣50,ETF,"11,053,405","3,749","886,568,240",80.00,80.40,79.60,79.85,+,0.7,79.80,24,79.85,233,0.00,"7,361,000","146,000","7,215,000",0,0,0,0,0,0,"-544,000","270,000","348,000","-78,000","1,546,000","2,012,000","-466,000","6,671,000"
20190402,0050,元大台灣50,ETF,"5,605,092","2,132","449,896,022",80.10,80.45,80.10,80.15,+,0.3,80.15,9,80.20,"1,539",0.00,"2,278,350","135,000","2,143,350",0,0,0,"1,000,000",0,"1,000,000","-750,000","195,000",0,"195,000","730,000","1,675,000","-945,000","2,393,350"
20190403,0050,元大台灣50,ETF,"6,867,174","3,017","550,702,889",80.40,80.45,79.95,80.15, ,0.0,80.10,11,80.15,251,0.00,"4,007,000","3,000","4,004,000",0,0,0,0,0,0,"-374,330","25,000","80,000","-55,000","831,000","1,150,330","-319,330","3,629,670"
20190408,0050,元大台灣50,ETF,"7,990,782","3,458","646,213,579",80.80,81.00,80.70,80.90,+,0.75,80.90,69,80.95,235,0.00,"4,578,000","395,000","4,183,000",0,0,0,0,0,0,"1,072,000",0,0,0,"1,392,000","320,000","1,072,000","5,255,000"
20190409,0050,元大台灣50,ETF,"15,272,047","6,181","1,239,718,747",80.95,81.40,80.85,81.40,+,0.5,81.40,70,81.45,"1,328",0.00,"9,964,000","24,000","9,940,000",0,0,0,0,0,0,"2,122,000","100,000","26,000","74,000","3,302,000","1,254,000","2,048,000","12,062,000"
20190410,0050,元大台灣50,ETF,"10,863,161","3,214","883,369,153",81.10,81.55,81.10,81.50,+,0.1,81.50,190,81.55,735,0.00,"8,657,000","400,000","8,257,000",0,0,0,0,0,0,"253,000",0,"237,000","-237,000","1,295,000","805,000","490,000","8,510,000"
20190411,0050,元大台灣50,ETF,"8,272,430","2,220","671,920,398",81.35,81.55,80.90,81.15,-,0.35,81.10,885,81.15,4,0.00,"4,758,000","1,535,000","3,223,000",0,0,0,"500,000",0,"500,000","-1,107,000",0,"115,000","-115,000","1,576,000","2,568,000","-992,000","2,616,000"
20190412,0050,元大台灣50,ETF,"7,498,409","1,806","608,347,094",81.15,81.30,81.00,81.10,-,0.05,81.10,267,81.15,43,0.00,"4,837,000","770,000","4,067,000",0,0,0,"860,000",0,"860,000","-40,000",0,"55,000","-55,000","802,000","787,000","15,000","4,887,000"
20190415,0050,元大台灣50,ETF,"7,681,554","4,160","628,500,222",81.65,82.00,81.55,81.85,+,0.75,81.85,12,81.90,144,0.00,"4,996,000","114,000","4,882,000",0,0,0,0,0,0,"-83,000","409,000",0,"409,000","888,000","1,380,000","-492,000","4,799,000"
20190416,0050,元大台灣50,ETF,"7,767,931","3,439","637,026,518",81.85,82.15,81.80,82.10,+,0.25,82.10,333,82.15,413,0.00,"4,388,000","1,200,000","3,188,000",0,0,0,"1,140,000",0,"1,140,000","-351,000","60,000","11,000","49,000","983,000","1,383,000","-400,000","3,977,000"
20190417,0050,元大台灣50,ETF,"23,104,837","5,342","1,911,820,959",82.30,82.90,82.30,82.75,+,0.65,82.75,"1,005",82.80,135,0.00,"16,262,000","2,095,000","14,167,000",0,0,0,0,0,0,"960,000",0,"539,000","-539,000","5,334,000","3,835,000","1,499,000","15,127,000"
20190418,0050,元大台灣50,ETF,"20,690,365","3,185","1,716,538,233",82.90,83.35,82.45,82.70,-,0.05,82.70,458,82.75,34,0.00,"11,522,000","211,000","11,311,000",0,0,0,0,"17,000","-17,000","4,446,000","20,000","20,000",0,"6,539,000","2,093,000","4,446,000","15,740,000"
20190419,0050,元大台灣50,ETF,"12,515,659","2,347","1,038,666,179",83.25,83.50,82.70,82.80,+,0.1,82.75,1,82.80,262,0.00,"9,042,000","12,000","9,030,000",0,0,0,0,"2,000","-2,000","-932,000","45,000","130,000","-85,000","2,342,000","3,189,000","-847,000","8,096,000"
20190422,0050,元大台灣50,ETF,"2,874,312","1,478","238,232,670",83.00,83.10,82.65,82.70,-,0.1,82.65,"1,298",82.70,2,0.00,"931,000","362,000","569,000",0,0,0,0,0,0,"-736,000","98,000","25,000","73,000","128,000","937,000","-809,000","-167,000"
20190423,0050,元大台灣50,ETF,"6,012,031","2,105","498,598,254",82.70,83.20,82.55,83.05,+,0.35,83.05,603,83.10,34,0.00,"4,999,000","753,000","4,246,000",0,0,0,0,0,0,"-1,484,000","108,000","223,000","-115,000","221,000","1,590,000","-1,369,000","2,762,000"
20190424,0050,元大台灣50,ETF,"3,108,556","1,665","258,856,445",83.40,83.55,82.90,83.20,+,0.15,83.15,"1,133",83.20,11,0.00,"1,315,000","424,000","891,000",0,0,0,0,0,0,"-762,004","72,000",0,"72,000","271,996","1,106,000","-834,004","128,996"
20190425,0050,元大台灣50,ETF,"3,529,039","1,588","293,890,589",83.10,83.45,83.00,83.40,+,0.2,83.40,561,83.45,"1,268",0.00,"2,156,100","897,000","1,259,100",0,0,0,0,0,0,"718,000",0,0,0,"983,000","265,000","718,000","1,977,100"
20190426,0050,元大台灣50,ETF,"3,815,090","2,520","314,520,959",82.80,82.80,82.20,82.45,-,0.95,82.40,25,82.45,37,0.00,"950,000","780,180","169,820",0,0,0,0,0,0,"-1,385,000","18,000","75,000","-57,000","312,000","1,640,000","-1,328,000","-1,215,180"
20190429,0050,元大台灣50,ETF,"3,161,957","1,462","261,464,012",82.60,82.95,82.50,82.80,+,0.35,82.80,2,82.85,289,0.00,"1,956,000","750,000","1,206,000",0,0,0,0,0,0,"-145,000",0,"12,000","-12,000","366,000","499,000","-133,000","1,061,000"
20190430,0050,元大台灣50,ETF,"3,247,891","1,525","268,471,136",82.80,82.90,82.40,82.80, ,0.0,82.80,258,82.85,13,0.00,"1,571,000","1,073,000","498,000",0,0,0,0,0,0,"-465,000","1,000",0,"1,000","805,000","1,271,000","-466,000","33,000"
20190502,0050,元大台灣50,ETF,"6,155,563","2,206","511,743,438",82.95,83.45,82.90,83.00,+,0.2,82.95,94,83.00,"1,845",0.00,"3,537,012","1,290,000","2,247,012",0,0,0,0,"600,000","-600,000","-267,000",0,0,0,"668,000","935,000","-267,000","1,380,012"
20190503,0050,元大台灣50,ETF,"30,324,466","2,939","2,531,398,997",83.10,83.80,83.10,83.75,+,0.75,83.75,23,83.80,237,0.00,"23,161,000","1,149,000","22,012,000",0,0,0,0,0,0,"5,213,326","420,000",0,"420,000","5,748,326","955,000","4,793,326","27,225,326"
20190506,0050,元大台灣50,ETF,"7,463,612","3,956","614,195,906",82.60,82.60,82.05,82.30,-,1.45,82.25,957,82.30,"2,020",0.00,"1,139,999","1,336,000","-196,001",0,0,0,0,0,0,"-2,244,000","1,000","100,000","-99,000","970,000","3,115,000","-2,145,000","-2,440,001"
20190507,0050,元大台灣50,ETF,"14,011,442","3,021","1,163,500,108",82.65,83.30,82.65,83.15,+,0.85,83.10,55,83.15,"1,286",0.00,"4,511,000","593,000","3,918,000",0,0,0,0,0,0,"6,147,000","39,000",0,"39,000","7,008,000","900,000","6,108,000","10,065,000"
20190508,0050,元大台灣50,ETF,"13,573,142","2,189","1,120,446,358",82.40,82.85,82.25,82.55,-,0.6,82.50,390,82.55,145,0.00,"7,526,000","990,000","6,536,000",0,0,0,0,"31,000","-31,000","1,752,000",0,0,0,"3,026,000","1,274,000","1,752,000","8,257,000"
20190509,0050,元大台灣50,ETF,"6,923,673","4,032","565,348,226",82.15,82.20,81.25,81.55,-,1.0,81.50,36,81.55,492,0.00,"236,000","896,000","-660,000",0,0,0,0,0,0,"-2,731,000",0,"1,000","-1,000","756,000","3,486,000","-2,730,000","-3,391,000"
20190510,0050,元大台灣50,ETF,"11,794,135","4,632","961,017,047",81.55,82.15,80.90,81.50,-,0.05,81.45,43,81.50,179,0.00,"335,000","205,000","130,000",0,0,0,0,"700,000","-700,000","-2,853,000","384,000","171,000","213,000","3,037,000","6,103,000","-3,066,000","-3,423,000"
20190513,0050,元大台灣50,ETF,"18,678,106","9,159","1,503,424,339",81.10,81.10,80.10,80.15,-,1.35,80.15,149,80.20,76,0.00,"8,000","10,169,000","-10,161,000",0,0,0,0,0,0,"-4,615,000","130,000","412,000","-282,000","1,162,000","5,495,000","-4,333,000","-14,776,000"
20190514,0050,元大台灣50,ETF,"20,279,630","9,964","1,613,491,800",79.60,80.05,78.90,79.65,-,0.5,79.65,964,79.70,"1,043",0.00,"6,000","13,098,000","-13,092,000",0,0,0,0,"15,000","-15,000","-595,000","559,000","69,000","490,000","2,516,000","3,601,000","-1,085,000","-13,702,000"
20190515,0050,元大台灣50,ETF,"17,261,839","8,236","1,376,616,520",79.65,80.00,79.45,79.75,+,0.1,79.70,617,79.75,369,0.00,"1,197,011","14,378,000","-13,180,989",0,0,0,0,0,0,"811,000","10,000",0,"10,000","2,516,000","1,715,000","801,000","-12,369,989"
20190516,0050,元大台灣50,ETF,"17,099,974","7,751","1,355,088,953",79.50,79.60,79.00,79.05,-,0.7,79.00,"1,522",79.05,"1,591",0.00,"119,501","11,533,000","-11,413,499",0,0,0,0,0,0,"-1,832,000","730,000","1,000,000","-270,000","1,496,000","3,058,000","-1,562,000","-13,245,499"
20190517,0050,元大台灣50,ETF,"23,573,826","11,522","1,854,550,805",79.50,79.55,78.25,78.25,-,0.8,78.20,"1,219",78.25,355,0.00,"85,000","18,483,000","-18,398,000",0,0,0,0,0,0,"-1,365,000","210,000","40,000","170,000","1,533,000","3,068,000","-1,535,000","-19,763,000"
20190520,0050,元大台灣50,ETF,"14,304,763","6,896","1,121,570,149",78.50,78.80,78.15,78.20,-,0.05,78.15,328,78.20,507,0.00,"177,000","9,731,000","-9,554,000",0,0,0,0,0,0,"597,000","20,000","181,000","-161,000","2,711,000","1,953,000","758,000","-8,957,000"
20190521,0050,元大台灣50,ETF,"19,814,843","6,058","1,548,066,469",78.00,78.45,77.70,78.40,+,0.2,78.35,95,78.40,26,0.00,"5,853,000","15,518,000","-9,665,000",0,0,0,0,0,0,"1,341,000","103,000","10,000","93,000","3,960,000","2,712,000","1,248,000","-8,324,000"
20190522,0050,元大台灣50,ETF,"10,557,991","4,582","827,306,010",78.20,78.65,78.10,78.40, ,0.0,78.40,194,78.45,825,0.00,"57,000","7,167,000","-7,110,000",0,0,0,0,0,0,"-617,998","627,000","81,000","546,000","1,140,000","2,303,998","-1,163,998","-7,727,998"
20190523,0050,元大台灣50,ETF,"25,682,577","13,162","1,979,998,024",77.85,77.85,76.85,76.95,-,1.45,76.90,"1,486",76.95,"1,313",0.00,"1,873,000","17,524,000","-15,651,000",0,0,0,0,0,0,"-4,041,000","130,000","280,000","-150,000","1,465,000","5,356,000","-3,891,000","-19,692,000"
20190524,0050,元大台灣50,ETF,"6,029,424","3,250","465,499,944",77.05,77.50,77.00,77.35,+,0.4,77.30,52,77.35,677,0.00,"67,000","2,823,000","-2,756,000",0,0,0,0,0,0,"-930,000","51,000","50,000","1,000","268,000","1,199,000","-931,000","-3,686,000"
20190527,0050,元大台灣50,ETF,"11,541,072","5,535","890,073,086",77.50,77.50,76.85,77.15,-,0.2,77.10,79,77.15,387,0.00,"70,000","5,686,000","-5,616,000",0,0,0,0,0,0,"-2,789,000","530,000","2,137,000","-1,607,000","1,356,000","2,538,000","-1,182,000","-8,405,000"
20190528,0050,元大台灣50,ETF,"9,812,310","4,361","755,742,961",77.25,77.25,76.85,77.10,-,0.05,77.05,39,77.10,470,0.00,"1,100","5,777,000","-5,775,900",0,0,0,0,"1,400,000","-1,400,000","663,000","210,000","314,000","-104,000","1,370,000","603,000","767,000","-6,512,900"
20190529,0050,元大台灣50,ETF,"9,659,519","4,380","740,038,363",76.50,76.80,76.30,76.75,-,0.35,76.75,35,76.80,776,0.00,"161,100","4,703,000","-4,541,900",0,0,0,0,"800,000","-800,000","-1,312,000","30,000","200,000","-170,000","1,363,000","2,505,000","-1,142,000","-6,653,900"
20190530,0050,元大台灣50,ETF,"7,658,659","3,474","591,824,718",76.75,77.50,76.75,77.40,+,0.65,77.35,177,77.40,23,0.00,0,"2,457,000","-2,457,000",0,0,0,0,0,0,"-2,188,000","62,000",0,"62,000","728,000","2,978,000","-2,250,000","-4,645,000"
20190531,0050,元大台灣50,ETF,"7,566,310","3,611","590,619,995",77.35,78.45,77.30,78.45,+,1.05,78.40,42,78.45,604,0.00,"757,300","1,008,000","-250,700",0,0,0,0,0,0,"918,000","252,000","30,000","222,000","1,788,000","1,092,000","696,000","667,300"
20190603,0050,元大台灣50,ETF,"6,017,694","2,880","470,593,299",78.20,78.65,77.65,78.55,+,0.1,78.55,246,78.60,40,0.00,"993,011","998,000","-4,989",0,0,0,0,0,0,"700,000","203,000","255,000","-52,000","1,770,000","1,018,000","752,000","695,011"
20190604,0050,元大台灣50,ETF,"7,228,829","2,675","565,425,109",78.45,78.60,78.00,78.05,-,0.5,78.05,7,78.10,77,0.00,"1,717,087","3,750,000","-2,032,913",0,0,0,"500,000",0,"500,000","87,000","229,000","80,000","149,000","1,164,000","1,226,000","-62,000","-1,445,913"
20190605,0050,元大台灣50,ETF,"7,051,894","3,047","554,017,619",78.85,78.95,78.25,78.30,+,0.25,78.25,432,78.30,52,0.00,"481,011","2,631,000","-2,149,989",0,0,0,"1,200,000",0,"1,200,000","-516,000","30,000","172,000","-142,000","966,000","1,340,000","-374,000","-1,465,989"
20190606,0050,元大台灣50,ETF,"7,456,203","3,663","579,216,003",77.70,77.85,77.45,77.70,-,0.6,77.65,"1,180",77.70,202,0.00,"472,001","2,538,000","-2,065,999",0,0,0,0,0,0,"-558,000","341,000","166,000","175,000","1,468,000","2,201,000","-733,000","-2,623,999"
20190610,0050,元大台灣50,ETF,"7,666,763","3,677","604,180,835",78.65,79.05,78.35,79.05,+,1.35,79.00,"1,533",79.05,117,0.00,"26,000","90,000","-64,000",0,0,0,0,0,0,"4,339,000","251,000","65,000","186,000","4,547,000","394,000","4,153,000","4,275,000"
20190611,0050,元大台灣50,ETF,"10,623,986","5,118","844,354,556",79.20,79.80,79.05,79.40,+,0.35,79.40,18,79.45,11,0.00,"3,082,000","274,000","2,808,000",0,0,0,"1,059,000",0,"1,059,000","3,467,000","2,000","340,000","-338,000","4,043,000","238,000","3,805,000","7,334,000"
20190612,0050,元大台灣50,ETF,"9,258,296","4,028","736,850,634",79.40,79.80,79.25,79.70,+,0.3,79.65,200,79.70,338,0.00,"5,391,125","646,000","4,745,125",0,0,0,"1,440,000",0,"1,440,000","-76,000",0,"426,000","-426,000","1,035,000","685,000","350,000","6,109,125"
20190613,0050,元大台灣50,ETF,"5,914,941","2,874","468,466,446",79.40,79.55,78.95,79.05,-,0.65,79.00,260,79.05,113,0.00,"361,377","648,000","-286,623",0,0,0,"1,200,000",0,"1,200,000","-2,487,000","140,000",0,"140,000","406,000","3,033,000","-2,627,000","-1,573,623"
20190614,0050,元大台灣50,ETF,"3,164,087","1,824","249,813,323",79.00,79.15,78.80,78.90,-,0.15,78.85,185,78.90,43,0.00,"100,000","144,000","-44,000",0,0,0,"1,150,000",0,"1,150,000","-576,000","20,000","335,000","-315,000","511,000","772,000","-261,000","530,000"
20190617,0050,元大台灣50,ETF,"6,141,128","3,732","483,052,353",78.45,78.95,78.10,78.70,-,0.2,78.70,10,78.75,3,0.00,"4,011","57,500","-53,489",0,0,0,"744,000","600,000","144,000","1,835,000","49,000","320,000","-271,000","3,016,000","910,000","2,106,000","1,925,511"
20190618,0050,元大台灣50,ETF,"2,890,377","1,195","227,779,433",78.80,79.00,78.60,78.90,+,0.2,78.85,36,78.90,133,0.00,"4,001","128,000","-123,999",0,0,0,"50,000",0,"50,000","716,000",0,0,0,"1,157,000","441,000","716,000","642,001"
20190619,0050,元大台灣50,ETF,"21,832,509","8,538","1,754,258,999",80.00,80.80,79.95,80.75,+,1.85,80.75,356,80.80,416,0.00,"10,333,000","700,000","9,633,000",0,0,0,0,0,0,"4,549,000","112,000","170,000","-58,000","7,223,000","2,616,000","4,607,000","14,182,000"
20190620,0050,元大台灣50,ETF,"11,581,994","4,459","936,579,222",80.75,81.00,80.65,80.85,+,0.1,80.80,92,80.85,71,0.00,"4,305,100","452,000","3,853,100",0,0,0,0,0,0,"-440,000","225,000",0,"225,000","914,000","1,579,000","-665,000","3,413,100"
20190621,0050,元大台灣50,ETF,"15,343,532","8,013","1,243,301,534",81.10,81.20,80.80,80.85, ,0.0,80.85,"1,027",80.90,54,0.00,"12,196,000","470,000","11,726,000",0,0,0,0,0,0,"-2,619,000","128,000","123,000","5,000","827,000","3,451,000","-2,624,000","9,107,000"
20190624,0050,元大台灣50,ETF,"16,600,747","5,396","1,347,119,158",80.80,81.50,80.70,81.20,+,0.35,81.15,102,81.20,27,0.00,"14,406,000","551,000","13,855,000",0,0,0,0,0,0,"-3,458,000","3,000","333,000","-330,000","479,000","3,607,000","-3,128,000","10,397,000"
20190625,0050,元大台灣50,ETF,"7,941,128","2,804","643,677,923",81.15,81.40,80.60,80.75,-,0.45,80.75,110,80.80,185,0.00,"6,527,012","1,000","6,526,012",0,0,0,"25,000",0,"25,000","-2,131,000","35,000",0,"35,000","48,000","2,214,000","-2,166,000","4,420,012"
20190626,0050,元大台灣50,ETF,"5,913,352","2,313","475,566,304",80.60,80.60,80.25,80.35,-,0.4,80.35,17,80.40,990,0.00,"1,320,000","148,000","1,172,000",0,0,0,0,0,0,"-2,325,000","200,000","250,000","-50,000","274,000","2,549,000","-2,275,000","-1,153,000"
20190627,0050,元大台灣50,ETF,"15,351,329","4,177","1,248,736,184",80.55,81.60,80.55,81.50,+,1.15,81.45,1,81.50,353,0.00,"13,020,000","950,000","12,070,000",0,0,0,"20,000",0,"20,000","-1,543,000",0,"35,000","-35,000","1,231,000","2,739,000","-1,508,000","10,547,000"
20190628,0050,元大台灣50,ETF,"3,940,686","1,867","319,369,533",81.45,81.55,80.85,80.90,-,0.6,80.90,246,80.95,2,0.00,"1,242,000","449,000","793,000",0,0,0,0,0,0,"288,000","205,000",0,"205,000","455,000","372,000","83,000","1,081,000"
20190701,0050,元大台灣50,ETF,"13,771,395","5,806","1,137,417,652",82.05,82.80,82.05,82.65,+,1.75,82.65,125,82.70,408,0.00,"6,028,000","60,000","5,968,000",0,0,0,"45,000",0,"45,000","5,090,000","40,000","325,000","-285,000","5,525,000","150,000","5,375,000","11,103,000"
20190702,0050,元大台灣50,ETF,"5,209,290","2,310","429,828,229",82.65,82.70,82.40,82.45,-,0.2,82.45,840,82.50,333,0.00,"2,135,000","2,000","2,133,000",0,0,0,0,"850,000","-850,000","1,366,000","43,000","100,000","-57,000","1,436,000","13,000","1,423,000","2,649,000"
20190703,0050,元大台灣50,ETF,"8,615,424","2,877","703,409,269",82.35,82.35,81.35,81.50,-,0.95,81.45,67,81.50,231,0.00,"3,142,011","4,236,000","-1,093,989",0,0,0,0,"550,000","-550,000","821,000","455,000","63,000","392,000","798,000","369,000","429,000","-822,989"
20190704,0050,元大台灣50,ETF,"5,777,556","1,447","473,795,392",81.80,82.20,81.80,82.00,+,0.5,82.00,372,82.05,24,0.00,"4,520,126","1,408,000","3,112,126",0,0,0,0,0,0,"194,000",0,"100,000","-100,000","421,000","127,000","294,000","3,306,126"
20190705,0050,元大台灣50,ETF,"1,612,933","1,054","132,235,865",82.10,82.35,81.80,81.90,-,0.1,81.90,647,81.95,89,0.00,"55,011",0,"55,011",0,0,0,0,0,0,"265,000","9,000","9,000",0,"562,000","297,000","265,000","320,011"
20190708,0050,元大台灣50,ETF,"3,859,058","1,508","315,505,734",81.80,82.00,81.40,81.60,-,0.3,81.60,264,81.65,20,0.00,"1,742,001","1,364,000","378,001",0,0,0,"25,000",0,"25,000","-704,000","60,000",0,"60,000","440,000","1,204,000","-764,000","-300,999"
20190709,0050,元大台灣50,ETF,"4,083,155","1,528","333,023,156",81.75,81.75,81.40,81.50,-,0.1,81.50,15,81.55,139,0.00,"3,111,000","621,000","2,490,000",0,0,0,"30,000",0,"30,000","-357,000",0,"50,000","-50,000","29,000","336,000","-307,000","2,163,000"
20190710,0050,元大台灣50,ETF,"4,427,730","1,918","363,405,703",81.95,82.25,81.85,82.20,+,0.7,82.15,489,82.20,69,0.00,"454,364","501,000","-46,636",0,0,0,0,0,0,"3,040,000","26,000","30,000","-4,000","3,109,000","65,000","3,044,000","2,993,364"
20190711,0050,元大台灣50,ETF,"10,379,773","4,412","860,205,468",82.65,83.05,82.50,82.85,+,0.65,82.85,78,82.90,14,0.00,"3,400,000","56,000","3,344,000",0,0,0,0,"1,280,000","-1,280,000","5,172,000","324,000","150,000","174,000","5,164,000","166,000","4,998,000","7,236,000"
20190712,0050,元大台灣50,ETF,"2,972,505","1,440","246,251,327",82.85,83.00,82.70,82.75,-,0.1,82.75,55,82.80,8,0.00,"643,061","1,000","642,061",0,0,0,0,"335,000","-335,000","129,000","330,000","20,000","310,000","153,000","334,000","-181,000","436,061"
20190715,0050,元大台灣50,ETF,"9,336,043","3,389","775,528,066",82.85,83.35,82.25,83.20,+,0.45,83.20,172,83.25,146,0.00,"6,973,010","844,000","6,129,010",0,0,0,0,"211,000","-211,000","550,000","14,000","50,000","-36,000","836,000","250,000","586,000","6,468,010"
20190716,0050,元大台灣50,ETF,"5,503,245","2,645","458,848,605",83.20,83.45,83.15,83.35,+,0.15,83.35,"1,377",83.40,93,0.00,"2,510,216","250,000","2,260,216",0,0,0,0,"75,000","-75,000","1,328,000","330,000","14,000","316,000","1,327,000","315,000","1,012,000","3,513,216"
20190717,0050,元大台灣50,ETF,"10,598,530","4,107","879,178,624",83.25,83.25,82.80,82.80,-,0.55,82.80,165,82.85,11,0.00,"6,590,000","1,809,000","4,781,000",0,0,0,0,"170,000","-170,000","-2,022,000","590,000","200,000","390,000","1,119,000","3,531,000","-2,412,000","2,589,000"
20190718,0050,元大台灣50,ETF,"7,541,026","1,759","624,408,018",82.60,82.95,82.60,82.70,-,0.1,82.70,"1,176",82.75,187,0.00,"3,044,000","280,000","2,764,000",0,0,0,0,"88,000","-88,000","1,308,907",0,"140,000","-140,000","2,013,000","564,093","1,448,907","3,984,907"
20190719,0050,元大台灣50,ETF,"9,780,922","3,437","814,129,776",83.00,83.45,83.00,83.00,X,0.0,83.00,323,83.05,30,0.00,"8,179,000","155,000","8,024,000",0,0,0,0,"170,000","-170,000","-1,287,000",0,"160,000","-160,000","529,000","1,656,000","-1,127,000","6,567,000"
20190722,0050,元大台灣50,ETF,"8,368,544","3,434","698,062,737",83.10,83.50,83.10,83.40,+,0.4,83.40,"1,203",83.45,68,0.00,"6,454,500","4,000","6,450,500",0,0,0,0,0,0,"-631,000",0,"110,000","-110,000","579,000","1,100,000","-521,000","5,819,500"
20190723,0050,元大台灣50,ETF,"5,899,116","2,505","493,687,372",83.60,83.90,83.50,83.60,+,0.2,83.60,196,83.65,28,0.00,"3,236,000","111,000","3,125,000",0,0,0,0,"35,000","-35,000","771,000",0,"235,000","-235,000","1,381,000","375,000","1,006,000","3,861,000"
20190724,0050,元大台灣50,ETF,"3,364,336","1,397","281,628,164",83.75,83.90,83.55,83.55,-,0.05,83.55,"1,067",83.60,31,0.00,"1,868,000","7,000","1,861,000",0,0,0,0,"75,000","-75,000","457,000",0,0,0,"828,000","371,000","457,000","2,243,000"
20190725,0050,元大台灣50,ETF,"4,931,659","1,798","412,670,155",83.55,83.80,83.40,83.80,+,0.25,83.75,"1,130",83.80,182,0.00,"3,374,011","48,000","3,326,011",0,0,0,0,0,0,"-130,000",0,0,0,"1,077,000","1,207,000","-130,000","3,196,011"
20190726,0050,元大台灣50,ETF,"3,129,687","1,837","260,812,774",83.40,83.40,83.20,83.25,-,0.55,83.25,71,83.30,1,0.00,"230,000",0,"230,000",0,0,0,0,"90,000","-90,000","-857,000","50,000","379,000","-329,000","267,000","795,000","-528,000","-717,000"
20190729,0050,元大台灣50,ETF,"3,042,246","1,346","253,325,799",83.10,83.45,83.05,83.45,+,0.2,83.40,300,83.45,342,0.00,"379,000","8,000","371,000",0,0,0,0,"80,000","-80,000","-795,000",0,0,0,"526,000","1,321,000","-795,000","-504,000"
20190730,0050,元大台灣50,ETF,"2,083,374","1,207","173,777,513",83.60,83.70,83.20,83.20,-,0.25,83.20,12,83.25,85,0.00,"276,000","38,000","238,000",0,0,0,"110,000",0,"110,000","-69,000",0,0,0,"293,000","362,000","-69,000","279,000"
20190731,0050,元大台灣50,ETF,"3,119,262","1,492","258,060,696",83.15,83.15,82.45,82.80,-,0.4,82.80,384,82.85,18,0.00,"522,000","275,000","247,000",0,0,0,0,"20,000","-20,000","-123,000","10,000","540,000","-530,000","768,000","361,000","407,000","104,000"
20190801,0050,元大台灣50,ETF,"5,042,943","2,632","414,858,242",82.20,82.55,82.10,82.30,-,0.5,82.25,50,82.30,724,0.00,"293,000","620,100","-327,100",0,0,0,"61,000","66,000","-5,000","-801,000",0,"540,000","-540,000","981,000","1,242,000","-261,000","-1,133,100"
20190802,0050,元大台灣50,ETF,"16,846,402","6,921","1,362,560,110",81.05,81.20,80.60,80.95,-,1.35,80.90,107,80.95,614,0.00,"88,000","6,540,000","-6,452,000",0,0,0,"92,000",0,"92,000","-4,401,000","150,000",0,"150,000","2,222,000","6,773,000","-4,551,000","-10,761,000"
20190805,0050,元大台灣50,ETF,"20,659,506","9,417","1,657,565,764",80.70,80.85,79.90,80.15,-,0.8,80.10,122,80.15,643,0.00,"81,022","13,513,000","-13,431,978",0,0,0,0,0,0,"-2,265,000",0,"14,000","-14,000","2,359,000","4,610,000","-2,251,000","-15,696,978"
20190806,0050,元大台灣50,ETF,"24,901,846","10,838","1,968,227,195",78.65,80.45,78.50,80.10,-,0.05,80.05,119,80.10,106,0.00,"300,002","13,463,000","-13,162,998",0,0,0,"25,000",0,"25,000","-1,495,000","520,000","200,000","320,000","4,475,000","6,290,000","-1,815,000","-14,632,998"
20190807,0050,元大台灣50,ETF,"16,856,004","7,603","1,345,630,493",80.15,80.20,79.55,79.70,-,0.4,79.70,284,79.75,9,0.00,"988,000","11,469,000","-10,481,000",0,0,0,"67,000",0,"67,000","-814,000","50,000","182,000","-132,000","2,191,000","2,873,000","-682,000","-11,228,000"
20190808,0050,元大台灣50,ETF,"5,036,121","2,802","405,560,691",80.05,80.80,80.00,80.65,+,0.95,80.60,25,80.65,242,0.00,"301,000","221,000","80,000",0,0,0,"75,000",0,"75,000","398,000",0,"370,000","-370,000","1,323,000","555,000","768,000","553,000"
20190812,0050,元大台灣50,ETF,"3,168,030","2,171","255,436,705",80.65,80.85,80.15,80.60,-,0.05,80.55,67,80.60,369,0.00,"7,370","948,100","-940,730",0,0,0,"46,000",0,"46,000","-210,000",0,0,0,"391,000","601,000","-210,000","-1,104,730"
20190813,0050,元大台灣50,ETF,"7,431,519","4,255","593,128,279",80.15,80.15,79.55,79.70,-,0.9,79.70,225,79.75,"1,646",0.00,"4,100","3,120,000","-3,115,900",0,0,0,"125,000",0,"125,000","-2,749,000",0,"41,000","-41,000","596,000","3,304,000","-2,708,000","-5,739,900"
20190814,0050,元大台灣50,ETF,"7,382,138","3,019","595,173,755",80.70,80.80,80.30,80.30,+,0.6,80.25,14,80.30,165,0.00,"1,329,000","2,766,000","-1,437,000",0,0,0,"50,000",0,"50,000","-983,000","97,000","40,000","57,000","534,000","1,574,000","-1,040,000","-2,370,000"
20190815,0050,元大台灣50,ETF,"15,972,089","6,769","1,267,223,096",79.20,79.60,79.10,79.40,-,0.9,79.40,16,79.45,294,0.00,"401,211","10,459,000","-10,057,789",0,0,0,"25,000","20,000","5,000","-2,399,000","80,000","82,000","-2,000","762,000","3,159,000","-2,397,000","-12,451,789"
20190816,0050,元大台灣50,ETF,"6,158,748","3,689","492,012,872",79.45,80.35,79.25,80.35,+,0.95,80.30,9,80.35,662,0.00,"1,578,001","68,000","1,510,001",0,0,0,0,0,0,"-1,329,000",0,"15,000","-15,000","1,132,000","2,446,000","-1,314,000","181,001"
20190819,0050,元大台灣50,ETF,"6,475,352","3,347","522,065,179",80.75,80.90,80.30,80.80,+,0.45,80.75,10,80.80,34,0.00,"2,573,000","189,000","2,384,000",0,0,0,0,0,0,"-260,000","8,000",0,"8,000","510,000","778,000","-268,000","2,124,000"
